﻿<?xml version="1.0" encoding="utf-8"?>
<abapGit version="v1.0.0" serializer="LCL_OBJECT_FUGR" serializer_version="v1.0.0">
 <asx:abap xmlns:asx="http://www.sap.com/abapxml" version="1.0">
  <asx:values>
   <AREAT>回调更改状态函数示例</AREAT>
   <INCLUDES>
    <SOBJ_NAME>LYBC_SWS_CALLBACK_SAMPLETOP</SOBJ_NAME>
    <SOBJ_NAME>SAPLYBC_SWS_CALLBACK_SAMPLE</SOBJ_NAME>
   </INCLUDES>
   <FUNCTIONS>
    <item>
     <FUNCNAME>YBC_SWS_CALLBACK_PO</FUNCNAME>
     <SHORT_TEXT>采购订单状态改变</SHORT_TEXT>
     <IMPORT>
      <RSIMP>
       <PARAMETER>IV_APPLEVEL</PARAMETER>
       <TYP>YBC_SWS_APPROVER-APPLEVEL</TYP>
      </RSIMP>
      <RSIMP>
       <PARAMETER>IV_BUSINESSID</PARAMETER>
       <TYP>YBC_SWS_REQUEST-BUSINESSID</TYP>
      </RSIMP>
      <RSIMP>
       <PARAMETER>IV_ACTION</PARAMETER>
       <TYP>YBC_SWS_APPROVER-ACTION</TYP>
      </RSIMP>
      <RSIMP>
       <PARAMETER>IV_COMMENTS</PARAMETER>
       <OPTIONAL>X</OPTIONAL>
       <TYP>YBC_SWS_APPROVER-COMMENTS</TYP>
      </RSIMP>
     </IMPORT>
     <EXPORT>
      <RSEXP>
       <PARAMETER>ES_MSG</PARAMETER>
       <TYP>BAPIRET2</TYP>
      </RSEXP>
      <RSEXP>
       <PARAMETER>EV_FINISHED</PARAMETER>
       <TYP>CHAR1</TYP>
      </RSEXP>
     </EXPORT>
     <TABLES>
      <RSTBL>
       <PARAMETER>ET_APPROVER_NEXT</PARAMETER>
       <DBSTRUCT>YBCS_SWS_APPROVER</DBSTRUCT>
       <OPTIONAL>X</OPTIONAL>
      </RSTBL>
     </TABLES>
     <DOCUMENTATION>
      <RSFDO>
       <PARAMETER>IV_APPLEVEL</PARAMETER>
       <KIND>P</KIND>
       <STEXT>Approve Level</STEXT>
      </RSFDO>
      <RSFDO>
       <PARAMETER>IV_BUSINESSID</PARAMETER>
       <KIND>P</KIND>
       <STEXT>Business ID</STEXT>
      </RSFDO>
      <RSFDO>
       <PARAMETER>IV_ACTION</PARAMETER>
       <KIND>P</KIND>
       <STEXT>Action</STEXT>
      </RSFDO>
      <RSFDO>
       <PARAMETER>IV_COMMENTS</PARAMETER>
       <KIND>P</KIND>
       <STEXT>Comments</STEXT>
      </RSFDO>
      <RSFDO>
       <PARAMETER>ES_MSG</PARAMETER>
       <KIND>P</KIND>
       <STEXT>返回参数</STEXT>
      </RSFDO>
      <RSFDO>
       <PARAMETER>EV_FINISHED</PARAMETER>
       <KIND>P</KIND>
       <STEXT>审批结束标识</STEXT>
      </RSFDO>
      <RSFDO>
       <PARAMETER>ET_APPROVER_NEXT</PARAMETER>
       <KIND>P</KIND>
      </RSFDO>
     </DOCUMENTATION>
    </item>
    <item>
     <FUNCNAME>YBC_SWS_CALLBACK_PR</FUNCNAME>
     <SHORT_TEXT>采购申请状态改变</SHORT_TEXT>
     <IMPORT>
      <RSIMP>
       <PARAMETER>IV_APPLEVEL</PARAMETER>
       <TYP>YBC_SWS_APPROVER-APPLEVEL</TYP>
      </RSIMP>
      <RSIMP>
       <PARAMETER>IV_BUSINESSID</PARAMETER>
       <TYP>YBC_SWS_REQUEST-BUSINESSID</TYP>
      </RSIMP>
      <RSIMP>
       <PARAMETER>IV_ACTION</PARAMETER>
       <TYP>YBC_SWS_APPROVER-ACTION</TYP>
      </RSIMP>
      <RSIMP>
       <PARAMETER>IV_COMMENTS</PARAMETER>
       <OPTIONAL>X</OPTIONAL>
       <TYP>YBC_SWS_APPROVER-COMMENTS</TYP>
      </RSIMP>
     </IMPORT>
     <EXPORT>
      <RSEXP>
       <PARAMETER>ES_MSG</PARAMETER>
       <TYP>BAPIRET2</TYP>
      </RSEXP>
      <RSEXP>
       <PARAMETER>EV_FINISHED</PARAMETER>
       <TYP>CHAR1</TYP>
      </RSEXP>
     </EXPORT>
     <TABLES>
      <RSTBL>
       <PARAMETER>ET_APPROVER_NEXT</PARAMETER>
       <DBSTRUCT>YBCS_SWS_APPROVER</DBSTRUCT>
       <OPTIONAL>X</OPTIONAL>
      </RSTBL>
     </TABLES>
     <DOCUMENTATION>
      <RSFDO>
       <PARAMETER>IV_APPLEVEL</PARAMETER>
       <KIND>P</KIND>
       <STEXT>Approve Level</STEXT>
      </RSFDO>
      <RSFDO>
       <PARAMETER>IV_BUSINESSID</PARAMETER>
       <KIND>P</KIND>
       <STEXT>Business ID</STEXT>
      </RSFDO>
      <RSFDO>
       <PARAMETER>IV_ACTION</PARAMETER>
       <KIND>P</KIND>
       <STEXT>Action</STEXT>
      </RSFDO>
      <RSFDO>
       <PARAMETER>IV_COMMENTS</PARAMETER>
       <KIND>P</KIND>
       <STEXT>Comments</STEXT>
      </RSFDO>
      <RSFDO>
       <PARAMETER>ES_MSG</PARAMETER>
       <KIND>P</KIND>
       <STEXT>返回参数</STEXT>
      </RSFDO>
      <RSFDO>
       <PARAMETER>EV_FINISHED</PARAMETER>
       <KIND>P</KIND>
       <STEXT>审批结束标识</STEXT>
      </RSFDO>
      <RSFDO>
       <PARAMETER>ET_APPROVER_NEXT</PARAMETER>
       <KIND>P</KIND>
      </RSFDO>
     </DOCUMENTATION>
    </item>
    <item>
     <FUNCNAME>YBC_SWS_CALLBACK_SO</FUNCNAME>
     <SHORT_TEXT>销售订单状态改变</SHORT_TEXT>
     <IMPORT>
      <RSIMP>
       <PARAMETER>IV_APPLEVEL</PARAMETER>
       <TYP>YBC_SWS_APPROVER-APPLEVEL</TYP>
      </RSIMP>
      <RSIMP>
       <PARAMETER>IV_BUSINESSID</PARAMETER>
       <TYP>YBC_SWS_REQUEST-BUSINESSID</TYP>
      </RSIMP>
      <RSIMP>
       <PARAMETER>IV_ACTION</PARAMETER>
       <TYP>YBC_SWS_APPROVER-ACTION</TYP>
      </RSIMP>
      <RSIMP>
       <PARAMETER>IV_COMMENTS</PARAMETER>
       <OPTIONAL>X</OPTIONAL>
       <TYP>YBC_SWS_APPROVER-COMMENTS</TYP>
      </RSIMP>
      <RSIMP>
       <PARAMETER>IV_SENDBACKLEVEL</PARAMETER>
       <OPTIONAL>X</OPTIONAL>
       <TYP>YBC_SWS_APPROVER-APPLEVEL</TYP>
      </RSIMP>
      <RSIMP>
       <PARAMETER>IV_APPROVERID</PARAMETER>
       <OPTIONAL>X</OPTIONAL>
       <TYP>YBC_SWS_APPROVER-APPROVERID</TYP>
      </RSIMP>
     </IMPORT>
     <EXPORT>
      <RSEXP>
       <PARAMETER>ES_MSG</PARAMETER>
       <TYP>BAPIRET2</TYP>
      </RSEXP>
      <RSEXP>
       <PARAMETER>EV_FINISHED</PARAMETER>
       <TYP>CHAR1</TYP>
      </RSEXP>
     </EXPORT>
     <TABLES>
      <RSTBL>
       <PARAMETER>ET_APPROVER_NEXT</PARAMETER>
       <DBSTRUCT>YBCS_SWS_APPROVER</DBSTRUCT>
       <OPTIONAL>X</OPTIONAL>
      </RSTBL>
     </TABLES>
     <DOCUMENTATION>
      <RSFDO>
       <PARAMETER>IV_APPLEVEL</PARAMETER>
       <KIND>P</KIND>
       <STEXT>Approve Level</STEXT>
      </RSFDO>
      <RSFDO>
       <PARAMETER>IV_BUSINESSID</PARAMETER>
       <KIND>P</KIND>
       <STEXT>Business ID</STEXT>
      </RSFDO>
      <RSFDO>
       <PARAMETER>IV_ACTION</PARAMETER>
       <KIND>P</KIND>
       <STEXT>Action</STEXT>
      </RSFDO>
      <RSFDO>
       <PARAMETER>IV_COMMENTS</PARAMETER>
       <KIND>P</KIND>
       <STEXT>Comments</STEXT>
      </RSFDO>
      <RSFDO>
       <PARAMETER>IV_SENDBACKLEVEL</PARAMETER>
       <KIND>P</KIND>
       <STEXT>Sendback Approve Level</STEXT>
      </RSFDO>
      <RSFDO>
       <PARAMETER>IV_APPROVERID</PARAMETER>
       <KIND>P</KIND>
       <STEXT>Approver ID</STEXT>
      </RSFDO>
      <RSFDO>
       <PARAMETER>ES_MSG</PARAMETER>
       <KIND>P</KIND>
       <STEXT>返回参数</STEXT>
      </RSFDO>
      <RSFDO>
       <PARAMETER>EV_FINISHED</PARAMETER>
       <KIND>P</KIND>
       <STEXT>审批结束标识</STEXT>
      </RSFDO>
      <RSFDO>
       <PARAMETER>ET_APPROVER_NEXT</PARAMETER>
       <KIND>P</KIND>
      </RSFDO>
     </DOCUMENTATION>
    </item>
   </FUNCTIONS>
  </asx:values>
 </asx:abap>
</abapGit>
