﻿<?xml version="1.0" encoding="utf-8"?>
<abapGit version="v1.0.0" serializer="LCL_OBJECT_TABL" serializer_version="v1.0.0">
 <asx:abap xmlns:asx="http://www.sap.com/abapxml" version="1.0">
  <asx:values>
   <DD02V>
    <TABNAME>YBC_SWS_TEMPL_I</TABNAME>
    <DDLANGUAGE>1</DDLANGUAGE>
    <TABCLASS>TRANSP</TABCLASS>
    <CLIDEP>X</CLIDEP>
    <DDTEXT>SwiftSAP 应用模板 行项目</DDTEXT>
    <MAINFLAG>X</MAINFLAG>
    <CONTFLAG>C</CONTFLAG>
   </DD02V>
   <DD09L>
    <TABNAME>YBC_SWS_TEMPL_I</TABNAME>
    <AS4LOCAL>A</AS4LOCAL>
    <TABKAT>1</TABKAT>
    <TABART>APPL0</TABART>
    <BUFALLOW>N</BUFALLOW>
   </DD09L>
   <DD03P_TABLE>
    <DD03P>
     <TABNAME>YBC_SWS_TEMPL_I</TABNAME>
     <FIELDNAME>MANDT</FIELDNAME>
     <POSITION>0001</POSITION>
     <KEYFLAG>X</KEYFLAG>
     <ROLLNAME>MANDT</ROLLNAME>
     <ADMINFIELD>0</ADMINFIELD>
     <NOTNULL>X</NOTNULL>
     <COMPTYPE>E</COMPTYPE>
    </DD03P>
    <DD03P>
     <TABNAME>YBC_SWS_TEMPL_I</TABNAME>
     <FIELDNAME>TEMPLATE</FIELDNAME>
     <POSITION>0002</POSITION>
     <KEYFLAG>X</KEYFLAG>
     <ROLLNAME>YBC_SWS_TEMPLID</ROLLNAME>
     <CHECKTABLE>YBC_SWS_TEMPL_H</CHECKTABLE>
     <ADMINFIELD>0</ADMINFIELD>
     <NOTNULL>X</NOTNULL>
     <SHLPORIGIN>P</SHLPORIGIN>
     <COMPTYPE>E</COMPTYPE>
    </DD03P>
    <DD03P>
     <TABNAME>YBC_SWS_TEMPL_I</TABNAME>
     <FIELDNAME>LANGUAGE</FIELDNAME>
     <POSITION>0003</POSITION>
     <KEYFLAG>X</KEYFLAG>
     <ROLLNAME>YBC_SWS_LANGU</ROLLNAME>
     <ADMINFIELD>0</ADMINFIELD>
     <NOTNULL>X</NOTNULL>
     <VALEXI>X</VALEXI>
     <SHLPORIGIN>F</SHLPORIGIN>
     <COMPTYPE>E</COMPTYPE>
    </DD03P>
    <DD03P>
     <TABNAME>YBC_SWS_TEMPL_I</TABNAME>
     <FIELDNAME>HEADERNO</FIELDNAME>
     <POSITION>0004</POSITION>
     <KEYFLAG>X</KEYFLAG>
     <ROLLNAME>YBC_SWS_NUM</ROLLNAME>
     <ADMINFIELD>0</ADMINFIELD>
     <NOTNULL>X</NOTNULL>
     <COMPTYPE>E</COMPTYPE>
    </DD03P>
    <DD03P>
     <TABNAME>YBC_SWS_TEMPL_I</TABNAME>
     <FIELDNAME>ITEMNO</FIELDNAME>
     <POSITION>0005</POSITION>
     <KEYFLAG>X</KEYFLAG>
     <ROLLNAME>YBC_SWS_NUM</ROLLNAME>
     <ADMINFIELD>0</ADMINFIELD>
     <NOTNULL>X</NOTNULL>
     <COMPTYPE>E</COMPTYPE>
    </DD03P>
    <DD03P>
     <TABNAME>YBC_SWS_TEMPL_I</TABNAME>
     <FIELDNAME>FIELD_NAME</FIELDNAME>
     <POSITION>0006</POSITION>
     <ROLLNAME>YBC_SWS_FNAME</ROLLNAME>
     <ADMINFIELD>0</ADMINFIELD>
     <COMPTYPE>E</COMPTYPE>
    </DD03P>
    <DD03P>
     <TABNAME>YBC_SWS_TEMPL_I</TABNAME>
     <FIELDNAME>FIELD_DESC</FIELDNAME>
     <POSITION>0007</POSITION>
     <ROLLNAME>YBC_SWS_FDESC</ROLLNAME>
     <ADMINFIELD>0</ADMINFIELD>
     <COMPTYPE>E</COMPTYPE>
    </DD03P>
    <DD03P>
     <TABNAME>YBC_SWS_TEMPL_I</TABNAME>
     <FIELDNAME>PLATFORM</FIELDNAME>
     <POSITION>0008</POSITION>
     <ROLLNAME>YBC_SWS_PLATF</ROLLNAME>
     <ADMINFIELD>0</ADMINFIELD>
     <VALEXI>X</VALEXI>
     <SHLPORIGIN>F</SHLPORIGIN>
     <COMPTYPE>E</COMPTYPE>
    </DD03P>
    <DD03P>
     <TABNAME>YBC_SWS_TEMPL_I</TABNAME>
     <FIELDNAME>ZFORMAT</FIELDNAME>
     <POSITION>0009</POSITION>
     <ROLLNAME>YBC_SWS_FORMAT</ROLLNAME>
     <ADMINFIELD>0</ADMINFIELD>
     <VALEXI>X</VALEXI>
     <SHLPORIGIN>F</SHLPORIGIN>
     <COMPTYPE>E</COMPTYPE>
    </DD03P>
   </DD03P_TABLE>
   <DD05M_TABLE>
    <DD05M>
     <TABNAME>YBC_SWS_TEMPL_I</TABNAME>
     <FIELDNAME>TEMPLATE</FIELDNAME>
     <FORTABLE>YBC_SWS_TEMPL_I</FORTABLE>
     <FORKEY>MANDT</FORKEY>
     <CHECKTABLE>YBC_SWS_TEMPL_H</CHECKTABLE>
     <CHECKFIELD>MANDT</CHECKFIELD>
     <PRIMPOS>0001</PRIMPOS>
     <DOMNAME>MANDT</DOMNAME>
     <DATATYPE>CLNT</DATATYPE>
     <LENG>000003</LENG>
    </DD05M>
    <DD05M>
     <TABNAME>YBC_SWS_TEMPL_I</TABNAME>
     <FIELDNAME>TEMPLATE</FIELDNAME>
     <FORTABLE>YBC_SWS_TEMPL_I</FORTABLE>
     <FORKEY>TEMPLATE</FORKEY>
     <CHECKTABLE>YBC_SWS_TEMPL_H</CHECKTABLE>
     <CHECKFIELD>TEMPLATE</CHECKFIELD>
     <PRIMPOS>0002</PRIMPOS>
     <DOMNAME>CHAR20</DOMNAME>
     <DATATYPE>CHAR</DATATYPE>
     <LENG>000020</LENG>
    </DD05M>
    <DD05M>
     <TABNAME>YBC_SWS_TEMPL_I</TABNAME>
     <FIELDNAME>TEMPLATE</FIELDNAME>
     <FORTABLE>YBC_SWS_TEMPL_I</FORTABLE>
     <FORKEY>LANGUAGE</FORKEY>
     <CHECKTABLE>YBC_SWS_TEMPL_H</CHECKTABLE>
     <CHECKFIELD>LANGUAGE</CHECKFIELD>
     <PRIMPOS>0003</PRIMPOS>
     <DOMNAME>YBCDM_SWS_LANGU</DOMNAME>
     <DATATYPE>CHAR</DATATYPE>
     <LENG>000001</LENG>
    </DD05M>
    <DD05M>
     <TABNAME>YBC_SWS_TEMPL_I</TABNAME>
     <FIELDNAME>TEMPLATE</FIELDNAME>
     <FORTABLE>YBC_SWS_TEMPL_I</FORTABLE>
     <FORKEY>HEADERNO</FORKEY>
     <CHECKTABLE>YBC_SWS_TEMPL_H</CHECKTABLE>
     <CHECKFIELD>HEADERNO</CHECKFIELD>
     <PRIMPOS>0004</PRIMPOS>
     <DOMNAME>NUM4</DOMNAME>
     <DATATYPE>NUMC</DATATYPE>
     <LENG>000004</LENG>
    </DD05M>
   </DD05M_TABLE>
   <DD08V_TABLE>
    <DD08V>
     <TABNAME>YBC_SWS_TEMPL_I</TABNAME>
     <FIELDNAME>TEMPLATE</FIELDNAME>
     <DDLANGUAGE>1</DDLANGUAGE>
     <CHECKTABLE>YBC_SWS_TEMPL_H</CHECKTABLE>
     <CHECKFLAG>X</CHECKFLAG>
    </DD08V>
   </DD08V_TABLE>
   <TABL_EXTRAS>
    <TDDAT>
     <TABNAME>YBC_SWS_TEMPL_I</TABNAME>
     <CCLASS>&amp;NC&amp;</CCLASS>
    </TDDAT>
   </TABL_EXTRAS>
  </asx:values>
 </asx:abap>
</abapGit>
