﻿<?xml version="1.0" encoding="utf-8"?>
<abapGit version="v1.0.0" serializer="LCL_OBJECT_TABL" serializer_version="v1.0.0">
 <asx:abap xmlns:asx="http://www.sap.com/abapxml" version="1.0">
  <asx:values>
   <DD02V>
    <TABNAME>YBC_SWS_APPROVER</TABNAME>
    <DDLANGUAGE>1</DDLANGUAGE>
    <TABCLASS>TRANSP</TABCLASS>
    <CLIDEP>X</CLIDEP>
    <DDTEXT>SWS 审批表</DDTEXT>
    <CONTFLAG>C</CONTFLAG>
   </DD02V>
   <DD09L>
    <TABNAME>YBC_SWS_APPROVER</TABNAME>
    <AS4LOCAL>A</AS4LOCAL>
    <TABKAT>1</TABKAT>
    <TABART>APPL1</TABART>
    <BUFALLOW>N</BUFALLOW>
   </DD09L>
   <DD03P_TABLE>
    <DD03P>
     <TABNAME>YBC_SWS_APPROVER</TABNAME>
     <FIELDNAME>MANDT</FIELDNAME>
     <POSITION>0001</POSITION>
     <KEYFLAG>X</KEYFLAG>
     <ROLLNAME>MANDT</ROLLNAME>
     <ADMINFIELD>0</ADMINFIELD>
     <NOTNULL>X</NOTNULL>
     <COMPTYPE>E</COMPTYPE>
    </DD03P>
    <DD03P>
     <TABNAME>YBC_SWS_APPROVER</TABNAME>
     <FIELDNAME>REQUESTID</FIELDNAME>
     <POSITION>0002</POSITION>
     <KEYFLAG>X</KEYFLAG>
     <ROLLNAME>YBC_SWS_REQUESTID</ROLLNAME>
     <ADMINFIELD>0</ADMINFIELD>
     <NOTNULL>X</NOTNULL>
     <COMPTYPE>E</COMPTYPE>
    </DD03P>
    <DD03P>
     <TABNAME>YBC_SWS_APPROVER</TABNAME>
     <FIELDNAME>APPROVERID</FIELDNAME>
     <POSITION>0003</POSITION>
     <KEYFLAG>X</KEYFLAG>
     <ROLLNAME>YBC_SWS_USERID</ROLLNAME>
     <ADMINFIELD>0</ADMINFIELD>
     <NOTNULL>X</NOTNULL>
     <COMPTYPE>E</COMPTYPE>
    </DD03P>
    <DD03P>
     <TABNAME>YBC_SWS_APPROVER</TABNAME>
     <FIELDNAME>APPLEVEL</FIELDNAME>
     <POSITION>0004</POSITION>
     <KEYFLAG>X</KEYFLAG>
     <ROLLNAME>YBC_SWS_APPLEVEL</ROLLNAME>
     <ADMINFIELD>0</ADMINFIELD>
     <NOTNULL>X</NOTNULL>
     <COMPTYPE>E</COMPTYPE>
    </DD03P>
    <DD03P>
     <TABNAME>YBC_SWS_APPROVER</TABNAME>
     <FIELDNAME>VERSION</FIELDNAME>
     <POSITION>0005</POSITION>
     <KEYFLAG>X</KEYFLAG>
     <ROLLNAME>VERSION</ROLLNAME>
     <ADMINFIELD>0</ADMINFIELD>
     <NOTNULL>X</NOTNULL>
     <COMPTYPE>E</COMPTYPE>
    </DD03P>
    <DD03P>
     <TABNAME>YBC_SWS_APPROVER</TABNAME>
     <FIELDNAME>APPLEVEL_DESC1</FIELDNAME>
     <POSITION>0006</POSITION>
     <ROLLNAME>YBC_SWS_DESCR</ROLLNAME>
     <ADMINFIELD>0</ADMINFIELD>
     <COMPTYPE>E</COMPTYPE>
    </DD03P>
    <DD03P>
     <TABNAME>YBC_SWS_APPROVER</TABNAME>
     <FIELDNAME>APPLEVEL_DESC2</FIELDNAME>
     <POSITION>0007</POSITION>
     <ROLLNAME>YBC_SWS_DESCR</ROLLNAME>
     <ADMINFIELD>0</ADMINFIELD>
     <COMPTYPE>E</COMPTYPE>
    </DD03P>
    <DD03P>
     <TABNAME>YBC_SWS_APPROVER</TABNAME>
     <FIELDNAME>APPLEVEL_DESC3</FIELDNAME>
     <POSITION>0008</POSITION>
     <ROLLNAME>YBC_SWS_DESCR</ROLLNAME>
     <ADMINFIELD>0</ADMINFIELD>
     <COMPTYPE>E</COMPTYPE>
    </DD03P>
    <DD03P>
     <TABNAME>YBC_SWS_APPROVER</TABNAME>
     <FIELDNAME>ACTION</FIELDNAME>
     <POSITION>0009</POSITION>
     <ROLLNAME>YBC_SWS_ACTION</ROLLNAME>
     <ADMINFIELD>0</ADMINFIELD>
     <COMPTYPE>E</COMPTYPE>
    </DD03P>
    <DD03P>
     <TABNAME>YBC_SWS_APPROVER</TABNAME>
     <FIELDNAME>COMMENTS</FIELDNAME>
     <POSITION>0010</POSITION>
     <ROLLNAME>YBC_SWS_COMMENTS</ROLLNAME>
     <ADMINFIELD>0</ADMINFIELD>
     <COMPTYPE>E</COMPTYPE>
    </DD03P>
    <DD03P>
     <TABNAME>YBC_SWS_APPROVER</TABNAME>
     <FIELDNAME>RDATE</FIELDNAME>
     <POSITION>0011</POSITION>
     <ROLLNAME>YBC_SWS_RDATE</ROLLNAME>
     <ADMINFIELD>0</ADMINFIELD>
     <SHLPORIGIN>T</SHLPORIGIN>
     <COMPTYPE>E</COMPTYPE>
    </DD03P>
    <DD03P>
     <TABNAME>YBC_SWS_APPROVER</TABNAME>
     <FIELDNAME>RTIME</FIELDNAME>
     <POSITION>0012</POSITION>
     <ROLLNAME>YBC_SWS_RTIME</ROLLNAME>
     <ADMINFIELD>0</ADMINFIELD>
     <SHLPORIGIN>T</SHLPORIGIN>
     <COMPTYPE>E</COMPTYPE>
    </DD03P>
    <DD03P>
     <TABNAME>YBC_SWS_APPROVER</TABNAME>
     <FIELDNAME>ADATE</FIELDNAME>
     <POSITION>0013</POSITION>
     <ROLLNAME>YBC_SWS_ADATE</ROLLNAME>
     <ADMINFIELD>0</ADMINFIELD>
     <SHLPORIGIN>T</SHLPORIGIN>
     <COMPTYPE>E</COMPTYPE>
    </DD03P>
    <DD03P>
     <TABNAME>YBC_SWS_APPROVER</TABNAME>
     <FIELDNAME>ATIME</FIELDNAME>
     <POSITION>0014</POSITION>
     <ROLLNAME>YBC_SWS_ATIME</ROLLNAME>
     <ADMINFIELD>0</ADMINFIELD>
     <SHLPORIGIN>T</SHLPORIGIN>
     <COMPTYPE>E</COMPTYPE>
    </DD03P>
    <DD03P>
     <TABNAME>YBC_SWS_APPROVER</TABNAME>
     <FIELDNAME>PROCESSED</FIELDNAME>
     <POSITION>0015</POSITION>
     <ROLLNAME>YBC_SWS_PROCESSED</ROLLNAME>
     <ADMINFIELD>0</ADMINFIELD>
     <COMPTYPE>E</COMPTYPE>
    </DD03P>
    <DD03P>
     <TABNAME>YBC_SWS_APPROVER</TABNAME>
     <FIELDNAME>ACTUALPROCESSED</FIELDNAME>
     <POSITION>0016</POSITION>
     <ROLLNAME>YBC_SWS_ACTUALPROCESSED</ROLLNAME>
     <ADMINFIELD>0</ADMINFIELD>
     <COMPTYPE>E</COMPTYPE>
    </DD03P>
    <DD03P>
     <TABNAME>YBC_SWS_APPROVER</TABNAME>
     <FIELDNAME>CANCELED</FIELDNAME>
     <POSITION>0017</POSITION>
     <ROLLNAME>YBC_SWS_CANCELED</ROLLNAME>
     <ADMINFIELD>0</ADMINFIELD>
     <COMPTYPE>E</COMPTYPE>
    </DD03P>
    <DD03P>
     <TABNAME>YBC_SWS_APPROVER</TABNAME>
     <FIELDNAME>COUNTERSIGN</FIELDNAME>
     <POSITION>0018</POSITION>
     <ROLLNAME>YBC_SWS_COUNTERSIGN</ROLLNAME>
     <ADMINFIELD>0</ADMINFIELD>
     <COMPTYPE>E</COMPTYPE>
    </DD03P>
    <DD03P>
     <TABNAME>YBC_SWS_APPROVER</TABNAME>
     <FIELDNAME>REMARKS</FIELDNAME>
     <POSITION>0019</POSITION>
     <ROLLNAME>YBC_SWS_REMARKS</ROLLNAME>
     <ADMINFIELD>0</ADMINFIELD>
     <COMPTYPE>E</COMPTYPE>
    </DD03P>
   </DD03P_TABLE>
  </asx:values>
 </asx:abap>
</abapGit>
