﻿<?xml version="1.0" encoding="utf-8"?>
<abapGit version="v1.0.0" serializer="LCL_OBJECT_DTEL" serializer_version="v1.0.0">
 <asx:abap xmlns:asx="http://www.sap.com/abapxml" version="1.0">
  <asx:values>
   <DD04V>
    <ROLLNAME>YBC_SWS_COUNTERSIGN</ROLLNAME>
    <DDLANGUAGE>1</DDLANGUAGE>
    <DOMNAME>CHAR1</DOMNAME>
    <HEADLEN>55</HEADLEN>
    <SCRLEN1>10</SCRLEN1>
    <SCRLEN2>20</SCRLEN2>
    <SCRLEN3>40</SCRLEN3>
    <DDTEXT>是否会签</DDTEXT>
    <REPTEXT>是否会签</REPTEXT>
    <SCRTEXT_S>是否会签</SCRTEXT_S>
    <SCRTEXT_M>是否会签</SCRTEXT_M>
    <SCRTEXT_L>是否会签</SCRTEXT_L>
    <DTELMASTER>1</DTELMASTER>
    <REFKIND>D</REFKIND>
   </DD04V>
   <I18N_LANGS>
    <LANGU>E</LANGU>
   </I18N_LANGS>
   <DD04_TEXTS>
    <item>
     <DDLANGUAGE>E</DDLANGUAGE>
     <DDTEXT>Countersign?</DDTEXT>
     <REPTEXT>Countersign?</REPTEXT>
     <SCRTEXT_S>Countersig</SCRTEXT_S>
     <SCRTEXT_M>Countersign?</SCRTEXT_M>
     <SCRTEXT_L>Countersign?</SCRTEXT_L>
    </item>
   </DD04_TEXTS>
  </asx:values>
 </asx:abap>
</abapGit>
