﻿<?xml version="1.0" encoding="utf-8"?>
<abapGit version="v1.0.0" serializer="LCL_OBJECT_TABL" serializer_version="v1.0.0">
 <asx:abap xmlns:asx="http://www.sap.com/abapxml" version="1.0">
  <asx:values>
   <DD02V>
    <TABNAME>YBC_SWS_APP_CNFG</TABNAME>
    <DDLANGUAGE>1</DDLANGUAGE>
    <TABCLASS>TRANSP</TABCLASS>
    <CLIDEP>X</CLIDEP>
    <DDTEXT>SwiftSAP 应用配置表</DDTEXT>
    <MAINFLAG>X</MAINFLAG>
    <CONTFLAG>C</CONTFLAG>
   </DD02V>
   <DD09L>
    <TABNAME>YBC_SWS_APP_CNFG</TABNAME>
    <AS4LOCAL>A</AS4LOCAL>
    <TABKAT>0</TABKAT>
    <TABART>APPL0</TABART>
    <BUFALLOW>N</BUFALLOW>
   </DD09L>
   <DD03P_TABLE>
    <DD03P>
     <TABNAME>YBC_SWS_APP_CNFG</TABNAME>
     <FIELDNAME>MANDT</FIELDNAME>
     <POSITION>0001</POSITION>
     <KEYFLAG>X</KEYFLAG>
     <ROLLNAME>MANDT</ROLLNAME>
     <ADMINFIELD>0</ADMINFIELD>
     <NOTNULL>X</NOTNULL>
     <COMPTYPE>E</COMPTYPE>
    </DD03P>
    <DD03P>
     <TABNAME>YBC_SWS_APP_CNFG</TABNAME>
     <FIELDNAME>APPID</FIELDNAME>
     <POSITION>0002</POSITION>
     <KEYFLAG>X</KEYFLAG>
     <ROLLNAME>YBC_SWS_APPID</ROLLNAME>
     <CHECKTABLE>YBC_SWS_APP</CHECKTABLE>
     <ADMINFIELD>0</ADMINFIELD>
     <NOTNULL>X</NOTNULL>
     <SHLPORIGIN>P</SHLPORIGIN>
     <COMPTYPE>E</COMPTYPE>
    </DD03P>
    <DD03P>
     <TABNAME>YBC_SWS_APP_CNFG</TABNAME>
     <FIELDNAME>LANDSCAPE</FIELDNAME>
     <POSITION>0003</POSITION>
     <ROLLNAME>YBC_SWS_LANDS</ROLLNAME>
     <ADMINFIELD>0</ADMINFIELD>
     <VALEXI>X</VALEXI>
     <SHLPORIGIN>F</SHLPORIGIN>
     <COMPTYPE>E</COMPTYPE>
    </DD03P>
    <DD03P>
     <TABNAME>YBC_SWS_APP_CNFG</TABNAME>
     <FIELDNAME>FM_CALLBACK_SWS</FIELDNAME>
     <POSITION>0004</POSITION>
     <ROLLNAME>RS38L_FNAM</ROLLNAME>
     <ADMINFIELD>0</ADMINFIELD>
     <COMPTYPE>E</COMPTYPE>
    </DD03P>
    <DD03P>
     <TABNAME>YBC_SWS_APP_CNFG</TABNAME>
     <FIELDNAME>WFCONFID</FIELDNAME>
     <POSITION>0005</POSITION>
     <ROLLNAME>YBC_SWS_WFCONFID</ROLLNAME>
     <CHECKTABLE>YBC_SWS_WF</CHECKTABLE>
     <ADMINFIELD>0</ADMINFIELD>
     <SHLPORIGIN>P</SHLPORIGIN>
     <COMPTYPE>E</COMPTYPE>
    </DD03P>
    <DD03P>
     <TABNAME>YBC_SWS_APP_CNFG</TABNAME>
     <FIELDNAME>FLG_SEND_MAIL</FIELDNAME>
     <POSITION>0006</POSITION>
     <ROLLNAME>YBC_SWS_ACTIVE</ROLLNAME>
     <ADMINFIELD>0</ADMINFIELD>
     <COMPTYPE>E</COMPTYPE>
    </DD03P>
    <DD03P>
     <TABNAME>YBC_SWS_APP_CNFG</TABNAME>
     <FIELDNAME>MAIL_LANGU</FIELDNAME>
     <POSITION>0007</POSITION>
     <ROLLNAME>YBC_SWS_LANGU</ROLLNAME>
     <ADMINFIELD>0</ADMINFIELD>
     <VALEXI>X</VALEXI>
     <SHLPORIGIN>F</SHLPORIGIN>
     <COMPTYPE>E</COMPTYPE>
    </DD03P>
    <DD03P>
     <TABNAME>YBC_SWS_APP_CNFG</TABNAME>
     <FIELDNAME>FLG_CUST_MAIL</FIELDNAME>
     <POSITION>0008</POSITION>
     <ROLLNAME>YBC_SWS_ACTIVE</ROLLNAME>
     <ADMINFIELD>0</ADMINFIELD>
     <COMPTYPE>E</COMPTYPE>
    </DD03P>
    <DD03P>
     <TABNAME>YBC_SWS_APP_CNFG</TABNAME>
     <FIELDNAME>FM_CUST_MAIL</FIELDNAME>
     <POSITION>0009</POSITION>
     <ROLLNAME>RS38L_FNAM</ROLLNAME>
     <CHECKTABLE>TFDIR</CHECKTABLE>
     <ADMINFIELD>0</ADMINFIELD>
     <SHLPORIGIN>P</SHLPORIGIN>
     <COMPTYPE>E</COMPTYPE>
    </DD03P>
    <DD03P>
     <TABNAME>YBC_SWS_APP_CNFG</TABNAME>
     <FIELDNAME>FLG_UPLOAD</FIELDNAME>
     <POSITION>0010</POSITION>
     <ROLLNAME>YBC_SWS_ACTIVE</ROLLNAME>
     <ADMINFIELD>0</ADMINFIELD>
     <COMPTYPE>E</COMPTYPE>
    </DD03P>
    <DD03P>
     <TABNAME>YBC_SWS_APP_CNFG</TABNAME>
     <FIELDNAME>FLG_ACTLPROC_ONLY</FIELDNAME>
     <POSITION>0011</POSITION>
     <ROLLNAME>YBC_SWS_ACTIVE</ROLLNAME>
     <ADMINFIELD>0</ADMINFIELD>
     <COMPTYPE>E</COMPTYPE>
    </DD03P>
    <DD03P>
     <TABNAME>YBC_SWS_APP_CNFG</TABNAME>
     <FIELDNAME>WF_TASK</FIELDNAME>
     <POSITION>0012</POSITION>
     <ROLLNAME>SWW_WFTASK</ROLLNAME>
     <ADMINFIELD>0</ADMINFIELD>
     <COMPTYPE>E</COMPTYPE>
    </DD03P>
    <DD03P>
     <TABNAME>YBC_SWS_APP_CNFG</TABNAME>
     <FIELDNAME>WI_TASK</FIELDNAME>
     <POSITION>0013</POSITION>
     <ROLLNAME>SWW_TASK</ROLLNAME>
     <ADMINFIELD>0</ADMINFIELD>
     <COMPTYPE>E</COMPTYPE>
    </DD03P>
    <DD03P>
     <TABNAME>YBC_SWS_APP_CNFG</TABNAME>
     <FIELDNAME>INACT</FIELDNAME>
     <POSITION>0014</POSITION>
     <ROLLNAME>INACT</ROLLNAME>
     <ADMINFIELD>0</ADMINFIELD>
     <VALEXI>X</VALEXI>
     <SHLPORIGIN>F</SHLPORIGIN>
     <COMPTYPE>E</COMPTYPE>
    </DD03P>
   </DD03P_TABLE>
   <DD05M_TABLE>
    <DD05M>
     <TABNAME>YBC_SWS_APP_CNFG</TABNAME>
     <FIELDNAME>APPID</FIELDNAME>
     <FORTABLE>YBC_SWS_APP_CNFG</FORTABLE>
     <FORKEY>MANDT</FORKEY>
     <CHECKTABLE>YBC_SWS_APP</CHECKTABLE>
     <CHECKFIELD>MANDT</CHECKFIELD>
     <PRIMPOS>0001</PRIMPOS>
     <DOMNAME>MANDT</DOMNAME>
     <DATATYPE>CLNT</DATATYPE>
     <LENG>000003</LENG>
    </DD05M>
    <DD05M>
     <TABNAME>YBC_SWS_APP_CNFG</TABNAME>
     <FIELDNAME>APPID</FIELDNAME>
     <FORTABLE>YBC_SWS_APP_CNFG</FORTABLE>
     <FORKEY>APPID</FORKEY>
     <CHECKTABLE>YBC_SWS_APP</CHECKTABLE>
     <CHECKFIELD>APPID</CHECKFIELD>
     <PRIMPOS>0002</PRIMPOS>
     <DOMNAME>CHAR20</DOMNAME>
     <DATATYPE>CHAR</DATATYPE>
     <LENG>000020</LENG>
    </DD05M>
    <DD05M>
     <TABNAME>YBC_SWS_APP_CNFG</TABNAME>
     <FIELDNAME>FM_CUST_MAIL</FIELDNAME>
     <FORTABLE>YBC_SWS_APP_CNFG</FORTABLE>
     <FORKEY>FM_CUST_MAIL</FORKEY>
     <CHECKTABLE>TFDIR</CHECKTABLE>
     <CHECKFIELD>FUNCNAME</CHECKFIELD>
     <PRIMPOS>0001</PRIMPOS>
     <DOMNAME>FUNCNAME</DOMNAME>
     <DATATYPE>CHAR</DATATYPE>
     <LENG>000030</LENG>
    </DD05M>
    <DD05M>
     <TABNAME>YBC_SWS_APP_CNFG</TABNAME>
     <FIELDNAME>WFCONFID</FIELDNAME>
     <FORTABLE>YBC_SWS_APP_CNFG</FORTABLE>
     <FORKEY>MANDT</FORKEY>
     <CHECKTABLE>YBC_SWS_WF</CHECKTABLE>
     <CHECKFIELD>MANDT</CHECKFIELD>
     <PRIMPOS>0001</PRIMPOS>
     <DOMNAME>MANDT</DOMNAME>
     <DATATYPE>CLNT</DATATYPE>
     <LENG>000003</LENG>
    </DD05M>
    <DD05M>
     <TABNAME>YBC_SWS_APP_CNFG</TABNAME>
     <FIELDNAME>WFCONFID</FIELDNAME>
     <FORTABLE>YBC_SWS_APP_CNFG</FORTABLE>
     <FORKEY>WFCONFID</FORKEY>
     <CHECKTABLE>YBC_SWS_WF</CHECKTABLE>
     <CHECKFIELD>WFCONFID</CHECKFIELD>
     <PRIMPOS>0002</PRIMPOS>
     <DOMNAME>CHAR20</DOMNAME>
     <DATATYPE>CHAR</DATATYPE>
     <LENG>000020</LENG>
    </DD05M>
   </DD05M_TABLE>
   <DD08V_TABLE>
    <DD08V>
     <TABNAME>YBC_SWS_APP_CNFG</TABNAME>
     <FIELDNAME>APPID</FIELDNAME>
     <CHECKTABLE>YBC_SWS_APP</CHECKTABLE>
     <CARD>CN</CARD>
     <CARDLEFT>1</CARDLEFT>
    </DD08V>
    <DD08V>
     <TABNAME>YBC_SWS_APP_CNFG</TABNAME>
     <FIELDNAME>FM_CUST_MAIL</FIELDNAME>
     <CHECKTABLE>TFDIR</CHECKTABLE>
    </DD08V>
    <DD08V>
     <TABNAME>YBC_SWS_APP_CNFG</TABNAME>
     <FIELDNAME>WFCONFID</FIELDNAME>
     <DDLANGUAGE>1</DDLANGUAGE>
     <CHECKTABLE>YBC_SWS_WF</CHECKTABLE>
    </DD08V>
   </DD08V_TABLE>
   <TABL_EXTRAS>
    <TDDAT>
     <TABNAME>YBC_SWS_APP_CNFG</TABNAME>
     <CCLASS>&amp;NC&amp;</CCLASS>
    </TDDAT>
   </TABL_EXTRAS>
  </asx:values>
 </asx:abap>
</abapGit>
