﻿<?xml version="1.0" encoding="utf-8"?>
<abapGit version="v1.0.0" serializer="LCL_OBJECT_TABL" serializer_version="v1.0.0">
 <asx:abap xmlns:asx="http://www.sap.com/abapxml" version="1.0">
  <asx:values>
   <DD02V>
    <TABNAME>YBC_SWS_WF_CND</TABNAME>
    <DDLANGUAGE>1</DDLANGUAGE>
    <TABCLASS>TRANSP</TABCLASS>
    <CLIDEP>X</CLIDEP>
    <DDTEXT>审批条件表</DDTEXT>
    <MAINFLAG>X</MAINFLAG>
    <CONTFLAG>C</CONTFLAG>
   </DD02V>
   <DD09L>
    <TABNAME>YBC_SWS_WF_CND</TABNAME>
    <AS4LOCAL>A</AS4LOCAL>
    <TABKAT>1</TABKAT>
    <TABART>APPL0</TABART>
    <PROTOKOLL>X</PROTOKOLL>
    <BUFALLOW>N</BUFALLOW>
   </DD09L>
   <DD03P_TABLE>
    <DD03P>
     <TABNAME>YBC_SWS_WF_CND</TABNAME>
     <FIELDNAME>MANDT</FIELDNAME>
     <POSITION>0001</POSITION>
     <KEYFLAG>X</KEYFLAG>
     <ROLLNAME>MANDT</ROLLNAME>
     <ADMINFIELD>0</ADMINFIELD>
     <NOTNULL>X</NOTNULL>
     <COMPTYPE>E</COMPTYPE>
    </DD03P>
    <DD03P>
     <TABNAME>YBC_SWS_WF_CND</TABNAME>
     <FIELDNAME>WFCONFID</FIELDNAME>
     <POSITION>0002</POSITION>
     <KEYFLAG>X</KEYFLAG>
     <ROLLNAME>YBC_SWS_WFCONFID</ROLLNAME>
     <CHECKTABLE>YBC_SWS_WF</CHECKTABLE>
     <ADMINFIELD>0</ADMINFIELD>
     <NOTNULL>X</NOTNULL>
     <SHLPORIGIN>P</SHLPORIGIN>
     <COMPTYPE>E</COMPTYPE>
    </DD03P>
    <DD03P>
     <TABNAME>YBC_SWS_WF_CND</TABNAME>
     <FIELDNAME>WFCNDID</FIELDNAME>
     <POSITION>0003</POSITION>
     <KEYFLAG>X</KEYFLAG>
     <ROLLNAME>YBC_SWS_WFCNDID</ROLLNAME>
     <ADMINFIELD>0</ADMINFIELD>
     <NOTNULL>X</NOTNULL>
     <COMPTYPE>E</COMPTYPE>
    </DD03P>
    <DD03P>
     <TABNAME>YBC_SWS_WF_CND</TABNAME>
     <FIELDNAME>FIELD</FIELDNAME>
     <POSITION>0004</POSITION>
     <KEYFLAG>X</KEYFLAG>
     <ROLLNAME>TEXT40</ROLLNAME>
     <ADMINFIELD>0</ADMINFIELD>
     <NOTNULL>X</NOTNULL>
     <COMPTYPE>E</COMPTYPE>
    </DD03P>
    <DD03P>
     <TABNAME>YBC_SWS_WF_CND</TABNAME>
     <FIELDNAME>NAME</FIELDNAME>
     <POSITION>0005</POSITION>
     <ROLLNAME>TEXT40</ROLLNAME>
     <ADMINFIELD>0</ADMINFIELD>
     <COMPTYPE>E</COMPTYPE>
    </DD03P>
    <DD03P>
     <TABNAME>YBC_SWS_WF_CND</TABNAME>
     <FIELDNAME>FIELDTYPE</FIELDNAME>
     <POSITION>0006</POSITION>
     <ROLLNAME>YBC_SWS_FIELDTYPE</ROLLNAME>
     <ADMINFIELD>0</ADMINFIELD>
     <VALEXI>X</VALEXI>
     <SHLPORIGIN>F</SHLPORIGIN>
     <COMPTYPE>E</COMPTYPE>
    </DD03P>
    <DD03P>
     <TABNAME>YBC_SWS_WF_CND</TABNAME>
     <FIELDNAME>CNDS</FIELDNAME>
     <POSITION>0007</POSITION>
     <ROLLNAME>CHAR1024</ROLLNAME>
     <ADMINFIELD>0</ADMINFIELD>
     <COMPTYPE>E</COMPTYPE>
    </DD03P>
    <DD03P>
     <TABNAME>YBC_SWS_WF_CND</TABNAME>
     <FIELDNAME>ANDOR</FIELDNAME>
     <POSITION>0008</POSITION>
     <ROLLNAME>YBC_SWS_ANDOR</ROLLNAME>
     <ADMINFIELD>0</ADMINFIELD>
     <VALEXI>X</VALEXI>
     <SHLPORIGIN>F</SHLPORIGIN>
     <COMPTYPE>E</COMPTYPE>
    </DD03P>
   </DD03P_TABLE>
   <DD05M_TABLE>
    <DD05M>
     <TABNAME>YBC_SWS_WF_CND</TABNAME>
     <FIELDNAME>WFCONFID</FIELDNAME>
     <FORTABLE>YBC_SWS_WF_CND</FORTABLE>
     <FORKEY>MANDT</FORKEY>
     <CHECKTABLE>YBC_SWS_WF</CHECKTABLE>
     <CHECKFIELD>MANDT</CHECKFIELD>
     <PRIMPOS>0001</PRIMPOS>
     <DOMNAME>MANDT</DOMNAME>
     <DATATYPE>CLNT</DATATYPE>
     <LENG>000003</LENG>
    </DD05M>
    <DD05M>
     <TABNAME>YBC_SWS_WF_CND</TABNAME>
     <FIELDNAME>WFCONFID</FIELDNAME>
     <FORTABLE>YBC_SWS_WF_CND</FORTABLE>
     <FORKEY>WFCONFID</FORKEY>
     <CHECKTABLE>YBC_SWS_WF</CHECKTABLE>
     <CHECKFIELD>WFCONFID</CHECKFIELD>
     <PRIMPOS>0002</PRIMPOS>
     <DOMNAME>CHAR20</DOMNAME>
     <DATATYPE>CHAR</DATATYPE>
     <LENG>000020</LENG>
    </DD05M>
   </DD05M_TABLE>
   <DD08V_TABLE>
    <DD08V>
     <TABNAME>YBC_SWS_WF_CND</TABNAME>
     <FIELDNAME>WFCONFID</FIELDNAME>
     <DDLANGUAGE>1</DDLANGUAGE>
     <CHECKTABLE>YBC_SWS_WF</CHECKTABLE>
    </DD08V>
   </DD08V_TABLE>
   <TABL_EXTRAS>
    <TDDAT>
     <TABNAME>YBC_SWS_WF_CND</TABNAME>
     <CCLASS>&amp;NC&amp;</CCLASS>
    </TDDAT>
   </TABL_EXTRAS>
  </asx:values>
 </asx:abap>
</abapGit>
