﻿<?xml version="1.0" encoding="utf-8"?>
<abapGit version="v1.0.0" serializer="LCL_OBJECT_TABL" serializer_version="v1.0.0">
 <asx:abap xmlns:asx="http://www.sap.com/abapxml" version="1.0">
  <asx:values>
   <DD02V>
    <TABNAME>YBC_SWS_ATTACH</TABNAME>
    <DDLANGUAGE>1</DDLANGUAGE>
    <TABCLASS>TRANSP</TABCLASS>
    <CLIDEP>X</CLIDEP>
    <DDTEXT>SWS 附件</DDTEXT>
    <CONTFLAG>C</CONTFLAG>
   </DD02V>
   <DD09L>
    <TABNAME>YBC_SWS_ATTACH</TABNAME>
    <AS4LOCAL>A</AS4LOCAL>
    <TABKAT>0</TABKAT>
    <TABART>APPL1</TABART>
    <BUFALLOW>N</BUFALLOW>
   </DD09L>
   <DD03P_TABLE>
    <DD03P>
     <TABNAME>YBC_SWS_ATTACH</TABNAME>
     <FIELDNAME>MANDT</FIELDNAME>
     <POSITION>0001</POSITION>
     <KEYFLAG>X</KEYFLAG>
     <ROLLNAME>MANDT</ROLLNAME>
     <ADMINFIELD>0</ADMINFIELD>
     <NOTNULL>X</NOTNULL>
     <COMPTYPE>E</COMPTYPE>
    </DD03P>
    <DD03P>
     <TABNAME>YBC_SWS_ATTACH</TABNAME>
     <FIELDNAME>ATTACHID</FIELDNAME>
     <POSITION>0002</POSITION>
     <KEYFLAG>X</KEYFLAG>
     <ROLLNAME>YBC_SWS_ATTACHID</ROLLNAME>
     <ADMINFIELD>0</ADMINFIELD>
     <NOTNULL>X</NOTNULL>
     <COMPTYPE>E</COMPTYPE>
    </DD03P>
    <DD03P>
     <TABNAME>YBC_SWS_ATTACH</TABNAME>
     <FIELDNAME>REQUESTID</FIELDNAME>
     <POSITION>0003</POSITION>
     <ROLLNAME>YBC_SWS_REQUESTID</ROLLNAME>
     <ADMINFIELD>0</ADMINFIELD>
     <COMPTYPE>E</COMPTYPE>
    </DD03P>
    <DD03P>
     <TABNAME>YBC_SWS_ATTACH</TABNAME>
     <FIELDNAME>ORIGIN</FIELDNAME>
     <POSITION>0004</POSITION>
     <ROLLNAME>TEXT30</ROLLNAME>
     <ADMINFIELD>0</ADMINFIELD>
     <COMPTYPE>E</COMPTYPE>
    </DD03P>
    <DD03P>
     <TABNAME>YBC_SWS_ATTACH</TABNAME>
     <FIELDNAME>FILENAME</FIELDNAME>
     <POSITION>0005</POSITION>
     <ROLLNAME>SKWF_FILNM</ROLLNAME>
     <ADMINFIELD>0</ADMINFIELD>
     <COMPTYPE>E</COMPTYPE>
    </DD03P>
    <DD03P>
     <TABNAME>YBC_SWS_ATTACH</TABNAME>
     <FIELDNAME>FILETYPE</FIELDNAME>
     <POSITION>0006</POSITION>
     <ROLLNAME>FILETYPE</ROLLNAME>
     <ADMINFIELD>0</ADMINFIELD>
     <COMPTYPE>E</COMPTYPE>
    </DD03P>
    <DD03P>
     <TABNAME>YBC_SWS_ATTACH</TABNAME>
     <FIELDNAME>FILESIZE</FIELDNAME>
     <POSITION>0007</POSITION>
     <ROLLNAME>FILESIZE</ROLLNAME>
     <ADMINFIELD>0</ADMINFIELD>
     <COMPTYPE>E</COMPTYPE>
    </DD03P>
    <DD03P>
     <TABNAME>YBC_SWS_ATTACH</TABNAME>
     <FIELDNAME>MIMETYPE</FIELDNAME>
     <POSITION>0008</POSITION>
     <ROLLNAME>SKWF_MIME</ROLLNAME>
     <ADMINFIELD>0</ADMINFIELD>
     <COMPTYPE>E</COMPTYPE>
    </DD03P>
    <DD03P>
     <TABNAME>YBC_SWS_ATTACH</TABNAME>
     <FIELDNAME>UPLOADDATE</FIELDNAME>
     <POSITION>0009</POSITION>
     <ROLLNAME>CDATE</ROLLNAME>
     <ADMINFIELD>0</ADMINFIELD>
     <SHLPORIGIN>T</SHLPORIGIN>
     <COMPTYPE>E</COMPTYPE>
    </DD03P>
    <DD03P>
     <TABNAME>YBC_SWS_ATTACH</TABNAME>
     <FIELDNAME>UPLOADTIME</FIELDNAME>
     <POSITION>0010</POSITION>
     <ROLLNAME>UZEIT</ROLLNAME>
     <ADMINFIELD>0</ADMINFIELD>
     <SHLPORIGIN>T</SHLPORIGIN>
     <COMPTYPE>E</COMPTYPE>
    </DD03P>
    <DD03P>
     <TABNAME>YBC_SWS_ATTACH</TABNAME>
     <FIELDNAME>USERID</FIELDNAME>
     <POSITION>0011</POSITION>
     <ROLLNAME>YBC_SWS_USERID</ROLLNAME>
     <ADMINFIELD>0</ADMINFIELD>
     <COMPTYPE>E</COMPTYPE>
    </DD03P>
    <DD03P>
     <TABNAME>YBC_SWS_ATTACH</TABNAME>
     <FIELDNAME>USERNAME</FIELDNAME>
     <POSITION>0012</POSITION>
     <ROLLNAME>NAME_TEXT</ROLLNAME>
     <ADMINFIELD>0</ADMINFIELD>
     <COMPTYPE>E</COMPTYPE>
    </DD03P>
    <DD03P>
     <TABNAME>YBC_SWS_ATTACH</TABNAME>
     <FIELDNAME>URL</FIELDNAME>
     <POSITION>0013</POSITION>
     <ROLLNAME>TEXT256</ROLLNAME>
     <ADMINFIELD>0</ADMINFIELD>
     <COMPTYPE>E</COMPTYPE>
    </DD03P>
    <DD03P>
     <TABNAME>YBC_SWS_ATTACH</TABNAME>
     <FIELDNAME>CONTENT</FIELDNAME>
     <POSITION>0014</POSITION>
     <ROLLNAME>XSTRINGVAL</ROLLNAME>
     <ADMINFIELD>0</ADMINFIELD>
     <COMPTYPE>E</COMPTYPE>
    </DD03P>
   </DD03P_TABLE>
  </asx:values>
 </asx:abap>
</abapGit>
