﻿<?xml version="1.0" encoding="utf-8"?>
<abapGit version="v1.0.0" serializer="LCL_OBJECT_TABL" serializer_version="v1.0.0">
 <asx:abap xmlns:asx="http://www.sap.com/abapxml" version="1.0">
  <asx:values>
   <DD02V>
    <TABNAME>YBC_SWS_REQUEST</TABNAME>
    <DDLANGUAGE>1</DDLANGUAGE>
    <TABCLASS>TRANSP</TABCLASS>
    <CLIDEP>X</CLIDEP>
    <DDTEXT>SWS 请求</DDTEXT>
    <CONTFLAG>C</CONTFLAG>
   </DD02V>
   <DD09L>
    <TABNAME>YBC_SWS_REQUEST</TABNAME>
    <AS4LOCAL>A</AS4LOCAL>
    <TABKAT>1</TABKAT>
    <TABART>APPL1</TABART>
    <BUFALLOW>N</BUFALLOW>
   </DD09L>
   <DD03P_TABLE>
    <DD03P>
     <TABNAME>YBC_SWS_REQUEST</TABNAME>
     <FIELDNAME>MANDT</FIELDNAME>
     <POSITION>0001</POSITION>
     <KEYFLAG>X</KEYFLAG>
     <ROLLNAME>MANDT</ROLLNAME>
     <ADMINFIELD>0</ADMINFIELD>
     <NOTNULL>X</NOTNULL>
     <COMPTYPE>E</COMPTYPE>
    </DD03P>
    <DD03P>
     <TABNAME>YBC_SWS_REQUEST</TABNAME>
     <FIELDNAME>REQUESTID</FIELDNAME>
     <POSITION>0002</POSITION>
     <KEYFLAG>X</KEYFLAG>
     <ROLLNAME>YBC_SWS_REQUESTID</ROLLNAME>
     <ADMINFIELD>0</ADMINFIELD>
     <NOTNULL>X</NOTNULL>
     <COMPTYPE>E</COMPTYPE>
    </DD03P>
    <DD03P>
     <TABNAME>YBC_SWS_REQUEST</TABNAME>
     <FIELDNAME>APPID</FIELDNAME>
     <POSITION>0003</POSITION>
     <ROLLNAME>YBC_SWS_APPID</ROLLNAME>
     <CHECKTABLE>YBC_SWS_APP</CHECKTABLE>
     <ADMINFIELD>0</ADMINFIELD>
     <SHLPORIGIN>P</SHLPORIGIN>
     <COMPTYPE>E</COMPTYPE>
    </DD03P>
    <DD03P>
     <TABNAME>YBC_SWS_REQUEST</TABNAME>
     <FIELDNAME>SEQNO</FIELDNAME>
     <DDLANGUAGE>1</DDLANGUAGE>
     <POSITION>0004</POSITION>
     <ADMINFIELD>0</ADMINFIELD>
     <INTTYPE>C</INTTYPE>
     <INTLEN>000020</INTLEN>
     <DATATYPE>CHAR</DATATYPE>
     <LENG>000010</LENG>
     <MASK>  CHAR</MASK>
     <DDTEXT>Sequence No</DDTEXT>
    </DD03P>
    <DD03P>
     <TABNAME>YBC_SWS_REQUEST</TABNAME>
     <FIELDNAME>UUID</FIELDNAME>
     <POSITION>0005</POSITION>
     <ROLLNAME>SYSUUID_C32</ROLLNAME>
     <ADMINFIELD>0</ADMINFIELD>
     <COMPTYPE>E</COMPTYPE>
    </DD03P>
    <DD03P>
     <TABNAME>YBC_SWS_REQUEST</TABNAME>
     <FIELDNAME>BUSINESSID</FIELDNAME>
     <POSITION>0006</POSITION>
     <ROLLNAME>YBC_SWS_BUSID</ROLLNAME>
     <ADMINFIELD>0</ADMINFIELD>
     <COMPTYPE>E</COMPTYPE>
    </DD03P>
    <DD03P>
     <TABNAME>YBC_SWS_REQUEST</TABNAME>
     <FIELDNAME>CATEGORY1</FIELDNAME>
     <POSITION>0007</POSITION>
     <ROLLNAME>YBC_SWS_CATZH</ROLLNAME>
     <ADMINFIELD>0</ADMINFIELD>
     <COMPTYPE>E</COMPTYPE>
    </DD03P>
    <DD03P>
     <TABNAME>YBC_SWS_REQUEST</TABNAME>
     <FIELDNAME>CATEGORY2</FIELDNAME>
     <POSITION>0008</POSITION>
     <ROLLNAME>YBC_SWS_CATEN</ROLLNAME>
     <ADMINFIELD>0</ADMINFIELD>
     <COMPTYPE>E</COMPTYPE>
    </DD03P>
    <DD03P>
     <TABNAME>YBC_SWS_REQUEST</TABNAME>
     <FIELDNAME>CATEGORY3</FIELDNAME>
     <POSITION>0009</POSITION>
     <ROLLNAME>YBC_SWS_CATOT</ROLLNAME>
     <ADMINFIELD>0</ADMINFIELD>
     <COMPTYPE>E</COMPTYPE>
    </DD03P>
    <DD03P>
     <TABNAME>YBC_SWS_REQUEST</TABNAME>
     <FIELDNAME>SUBCATEGORY1</FIELDNAME>
     <POSITION>0010</POSITION>
     <ROLLNAME>YBC_SWS_SCATZH</ROLLNAME>
     <ADMINFIELD>0</ADMINFIELD>
     <COMPTYPE>E</COMPTYPE>
    </DD03P>
    <DD03P>
     <TABNAME>YBC_SWS_REQUEST</TABNAME>
     <FIELDNAME>SUBCATEGORY2</FIELDNAME>
     <POSITION>0011</POSITION>
     <ROLLNAME>YBC_SWS_SCATEN</ROLLNAME>
     <ADMINFIELD>0</ADMINFIELD>
     <COMPTYPE>E</COMPTYPE>
    </DD03P>
    <DD03P>
     <TABNAME>YBC_SWS_REQUEST</TABNAME>
     <FIELDNAME>SUBCATEGORY3</FIELDNAME>
     <POSITION>0012</POSITION>
     <ROLLNAME>YBC_SWS_SCATOT</ROLLNAME>
     <ADMINFIELD>0</ADMINFIELD>
     <COMPTYPE>E</COMPTYPE>
    </DD03P>
    <DD03P>
     <TABNAME>YBC_SWS_REQUEST</TABNAME>
     <FIELDNAME>SUBJECT1</FIELDNAME>
     <POSITION>0013</POSITION>
     <ROLLNAME>YBC_SWS_SUBJZH</ROLLNAME>
     <ADMINFIELD>0</ADMINFIELD>
     <COMPTYPE>E</COMPTYPE>
    </DD03P>
    <DD03P>
     <TABNAME>YBC_SWS_REQUEST</TABNAME>
     <FIELDNAME>SUBJECT2</FIELDNAME>
     <POSITION>0014</POSITION>
     <ROLLNAME>YBC_SWS_SUBJEN</ROLLNAME>
     <ADMINFIELD>0</ADMINFIELD>
     <COMPTYPE>E</COMPTYPE>
    </DD03P>
    <DD03P>
     <TABNAME>YBC_SWS_REQUEST</TABNAME>
     <FIELDNAME>SUBJECT3</FIELDNAME>
     <POSITION>0015</POSITION>
     <ROLLNAME>YBC_SWS_SUBJOT</ROLLNAME>
     <ADMINFIELD>0</ADMINFIELD>
     <COMPTYPE>E</COMPTYPE>
    </DD03P>
    <DD03P>
     <TABNAME>YBC_SWS_REQUEST</TABNAME>
     <FIELDNAME>MOD</FIELDNAME>
     <POSITION>0016</POSITION>
     <ROLLNAME>YBC_SWS_MOD</ROLLNAME>
     <ADMINFIELD>0</ADMINFIELD>
     <VALEXI>X</VALEXI>
     <SHLPORIGIN>F</SHLPORIGIN>
     <COMPTYPE>E</COMPTYPE>
    </DD03P>
    <DD03P>
     <TABNAME>YBC_SWS_REQUEST</TABNAME>
     <FIELDNAME>USERID</FIELDNAME>
     <POSITION>0017</POSITION>
     <ROLLNAME>YBC_SWS_USERID</ROLLNAME>
     <ADMINFIELD>0</ADMINFIELD>
     <COMPTYPE>E</COMPTYPE>
    </DD03P>
    <DD03P>
     <TABNAME>YBC_SWS_REQUEST</TABNAME>
     <FIELDNAME>STATUS</FIELDNAME>
     <POSITION>0018</POSITION>
     <ROLLNAME>YBC_SWS_STATUS</ROLLNAME>
     <ADMINFIELD>0</ADMINFIELD>
     <VALEXI>X</VALEXI>
     <SHLPORIGIN>F</SHLPORIGIN>
     <COMPTYPE>E</COMPTYPE>
    </DD03P>
    <DD03P>
     <TABNAME>YBC_SWS_REQUEST</TABNAME>
     <FIELDNAME>MESSAGE</FIELDNAME>
     <POSITION>0019</POSITION>
     <ROLLNAME>YBC_SWS_MESSAGE</ROLLNAME>
     <ADMINFIELD>0</ADMINFIELD>
     <COMPTYPE>E</COMPTYPE>
    </DD03P>
    <DD03P>
     <TABNAME>YBC_SWS_REQUEST</TABNAME>
     <FIELDNAME>CDATE</FIELDNAME>
     <POSITION>0020</POSITION>
     <ROLLNAME>CDATE</ROLLNAME>
     <ADMINFIELD>0</ADMINFIELD>
     <SHLPORIGIN>T</SHLPORIGIN>
     <COMPTYPE>E</COMPTYPE>
    </DD03P>
    <DD03P>
     <TABNAME>YBC_SWS_REQUEST</TABNAME>
     <FIELDNAME>CTIME</FIELDNAME>
     <POSITION>0021</POSITION>
     <ROLLNAME>UZEIT</ROLLNAME>
     <ADMINFIELD>0</ADMINFIELD>
     <SHLPORIGIN>T</SHLPORIGIN>
     <COMPTYPE>E</COMPTYPE>
    </DD03P>
   </DD03P_TABLE>
   <DD05M_TABLE>
    <DD05M>
     <TABNAME>YBC_SWS_REQUEST</TABNAME>
     <FIELDNAME>APPID</FIELDNAME>
     <FORTABLE>YBC_SWS_REQUEST</FORTABLE>
     <FORKEY>MANDT</FORKEY>
     <CHECKTABLE>YBC_SWS_APP</CHECKTABLE>
     <CHECKFIELD>MANDT</CHECKFIELD>
     <PRIMPOS>0001</PRIMPOS>
     <DOMNAME>MANDT</DOMNAME>
     <DATATYPE>CLNT</DATATYPE>
     <LENG>000003</LENG>
    </DD05M>
    <DD05M>
     <TABNAME>YBC_SWS_REQUEST</TABNAME>
     <FIELDNAME>APPID</FIELDNAME>
     <FORTABLE>YBC_SWS_REQUEST</FORTABLE>
     <FORKEY>APPID</FORKEY>
     <CHECKTABLE>YBC_SWS_APP</CHECKTABLE>
     <CHECKFIELD>APPID</CHECKFIELD>
     <PRIMPOS>0002</PRIMPOS>
     <DOMNAME>CHAR20</DOMNAME>
     <DATATYPE>CHAR</DATATYPE>
     <LENG>000020</LENG>
    </DD05M>
   </DD05M_TABLE>
   <DD08V_TABLE>
    <DD08V>
     <TABNAME>YBC_SWS_REQUEST</TABNAME>
     <FIELDNAME>APPID</FIELDNAME>
     <DDLANGUAGE>1</DDLANGUAGE>
     <CHECKTABLE>YBC_SWS_APP</CHECKTABLE>
    </DD08V>
   </DD08V_TABLE>
  </asx:values>
 </asx:abap>
</abapGit>
