﻿<?xml version="1.0" encoding="utf-8"?>
<abapGit version="v1.0.0" serializer="LCL_OBJECT_MSAG" serializer_version="v1.0.0">
 <asx:abap xmlns:asx="http://www.sap.com/abapxml" version="1.0">
  <asx:values>
   <T100A>
    <ARBGB>YBC_SWS_MAIL</ARBGB>
    <MASTERLANG>1</MASTERLANG>
    <STEXT>邮件模板</STEXT>
   </T100A>
   <T100>
    <T100>
     <SPRSL>1</SPRSL>
     <ARBGB>YBC_SWS_MAIL</ARBGB>
     <MSGNR>001</MSGNR>
     <TEXT>&amp;1 您好，</TEXT>
    </T100>
    <T100>
     <SPRSL>1</SPRSL>
     <ARBGB>YBC_SWS_MAIL</ARBGB>
     <MSGNR>002</MSGNR>
    </T100>
    <T100>
     <SPRSL>1</SPRSL>
     <ARBGB>YBC_SWS_MAIL</ARBGB>
     <MSGNR>003</MSGNR>
     <TEXT>  来自&amp;2的请求&amp;3需要您的审批，请登陆SwiftSAP平台进行审批。</TEXT>
    </T100>
    <T100>
     <SPRSL>1</SPRSL>
     <ARBGB>YBC_SWS_MAIL</ARBGB>
     <MSGNR>004</MSGNR>
     <TEXT>  业务单号&amp;4</TEXT>
    </T100>
    <T100>
     <SPRSL>1</SPRSL>
     <ARBGB>YBC_SWS_MAIL</ARBGB>
     <MSGNR>005</MSGNR>
     <TEXT>  或者点击这里审批</TEXT>
    </T100>
    <T100>
     <SPRSL>1</SPRSL>
     <ARBGB>YBC_SWS_MAIL</ARBGB>
     <MSGNR>006</MSGNR>
    </T100>
    <T100>
     <SPRSL>1</SPRSL>
     <ARBGB>YBC_SWS_MAIL</ARBGB>
     <MSGNR>007</MSGNR>
     <TEXT>此致，</TEXT>
    </T100>
    <T100>
     <SPRSL>1</SPRSL>
     <ARBGB>YBC_SWS_MAIL</ARBGB>
     <MSGNR>008</MSGNR>
     <TEXT>SAP ERP团队</TEXT>
    </T100>
    <T100>
     <SPRSL>1</SPRSL>
     <ARBGB>YBC_SWS_MAIL</ARBGB>
     <MSGNR>009</MSGNR>
    </T100>
    <T100>
     <SPRSL>1</SPRSL>
     <ARBGB>YBC_SWS_MAIL</ARBGB>
     <MSGNR>010</MSGNR>
    </T100>
   </T100>
  </asx:values>
 </asx:abap>
</abapGit>
