﻿<?xml version="1.0" encoding="utf-8"?>
<abapGit version="v1.0.0" serializer="LCL_OBJECT_TOBJ" serializer_version="v1.0.0">
 <asx:abap xmlns:asx="http://www.sap.com/abapxml" version="1.0">
  <asx:values>
   <OBJH>
    <OBJECTNAME>YBC_SWS_APP_CNFG</OBJECTNAME>
    <OBJECTTYPE>S</OBJECTTYPE>
    <CLIDEP>X</CLIDEP>
    <OBJCATEG>CUST</OBJCATEG>
    <IMPORTABLE>3</IMPORTABLE>
   </OBJH>
   <OBJT>
    <LANGUAGE>1</LANGUAGE>
    <OBJECTNAME>YBC_SWS_APP_CNFG</OBJECTNAME>
    <OBJECTTYPE>S</OBJECTTYPE>
    <DDTEXT>SwiftSAP 应用配置表</DDTEXT>
   </OBJT>
   <OBJS>
    <OBJS>
     <OBJECTNAME>YBC_SWS_APP_CNFG</OBJECTNAME>
     <OBJECTTYPE>S</OBJECTTYPE>
     <TABNAME>YBC_SWS_APP_CNFG</TABNAME>
     <DDIC>X</DDIC>
     <PRIM_TABLE>X</PRIM_TABLE>
    </OBJS>
   </OBJS>
   <TOBJ>
    <TDDAT>
     <TABNAME>YBC_SWS_APP_CNFG</TABNAME>
     <CCLASS>&amp;NC&amp;</CCLASS>
    </TDDAT>
    <TVDIR>
     <TABNAME>YBC_SWS_APP_CNFG</TABNAME>
     <AREA>YBC_SWS_TBMT_FG</AREA>
     <TYPE>1</TYPE>
     <LISTE>9002</LISTE>
     <BASTAB>X</BASTAB>
    </TVDIR>
   </TOBJ>
  </asx:values>
 </asx:abap>
</abapGit>
