﻿<?xml version="1.0" encoding="utf-8"?>
<abapGit version="v1.0.0" serializer="LCL_OBJECT_FUGR" serializer_version="v1.0.0">
 <asx:abap xmlns:asx="http://www.sap.com/abapxml" version="1.0">
  <asx:values>
   <AREAT>审批请求处理</AREAT>
   <INCLUDES>
    <SOBJ_NAME>LYBC_SWS_REQUESTF01</SOBJ_NAME>
    <SOBJ_NAME>LYBC_SWS_REQUESTTOP</SOBJ_NAME>
    <SOBJ_NAME>SAPLYBC_SWS_REQUEST</SOBJ_NAME>
   </INCLUDES>
   <FUNCTIONS>
    <item>
     <FUNCNAME>YBC_SWS_CALLBACK_REQUEST</FUNCNAME>
     <SHORT_TEXT>请求回调处理函数</SHORT_TEXT>
     <IMPORT>
      <RSIMP>
       <PARAMETER>IV_REQUESTID</PARAMETER>
       <TYP>YBC_SWS_REQUEST-REQUESTID</TYP>
      </RSIMP>
      <RSIMP>
       <PARAMETER>IV_APPROVERID</PARAMETER>
       <TYP>YBC_SWS_APPROVER-APPROVERID</TYP>
      </RSIMP>
      <RSIMP>
       <PARAMETER>IV_APPLEVEL</PARAMETER>
       <TYP>YBC_SWS_APPROVER-APPLEVEL</TYP>
      </RSIMP>
      <RSIMP>
       <PARAMETER>IV_SENDBACKLEVEL</PARAMETER>
       <TYP>YBC_SWS_APPROVER-APPLEVEL</TYP>
      </RSIMP>
      <RSIMP>
       <PARAMETER>IV_ACTION</PARAMETER>
       <TYP>YBC_SWS_APPROVER-ACTION</TYP>
      </RSIMP>
      <RSIMP>
       <PARAMETER>IV_COMMENTS</PARAMETER>
       <TYP>YBC_SWS_APPROVER-COMMENTS</TYP>
      </RSIMP>
      <RSIMP>
       <PARAMETER>IV_FORWARDAPPRS</PARAMETER>
       <TYP>CHAR200</TYP>
      </RSIMP>
      <RSIMP>
       <PARAMETER>IV_LANGUAGE</PARAMETER>
       <DEFAULT>&apos;ZH&apos;</DEFAULT>
       <OPTIONAL>X</OPTIONAL>
       <TYP>CHAR10</TYP>
      </RSIMP>
     </IMPORT>
     <EXPORT>
      <RSEXP>
       <PARAMETER>ES_MSG</PARAMETER>
       <TYP>BAPIRET2</TYP>
      </RSEXP>
     </EXPORT>
     <DOCUMENTATION>
      <RSFDO>
       <PARAMETER>IV_REQUESTID</PARAMETER>
       <KIND>P</KIND>
       <STEXT>Request ID</STEXT>
      </RSFDO>
      <RSFDO>
       <PARAMETER>IV_APPROVERID</PARAMETER>
       <KIND>P</KIND>
       <STEXT>用户唯一标识</STEXT>
      </RSFDO>
      <RSFDO>
       <PARAMETER>IV_APPLEVEL</PARAMETER>
       <KIND>P</KIND>
       <STEXT>审批级别</STEXT>
      </RSFDO>
      <RSFDO>
       <PARAMETER>IV_SENDBACKLEVEL</PARAMETER>
       <KIND>P</KIND>
       <STEXT>退回级别</STEXT>
      </RSFDO>
      <RSFDO>
       <PARAMETER>IV_ACTION</PARAMETER>
       <KIND>P</KIND>
       <STEXT>Action</STEXT>
      </RSFDO>
      <RSFDO>
       <PARAMETER>IV_COMMENTS</PARAMETER>
       <KIND>P</KIND>
       <STEXT>Comments</STEXT>
      </RSFDO>
      <RSFDO>
       <PARAMETER>IV_FORWARDAPPRS</PARAMETER>
       <KIND>P</KIND>
       <STEXT>转发审批人</STEXT>
      </RSFDO>
      <RSFDO>
       <PARAMETER>IV_LANGUAGE</PARAMETER>
       <KIND>P</KIND>
       <STEXT>Fiori用户登陆语言</STEXT>
      </RSFDO>
      <RSFDO>
       <PARAMETER>ES_MSG</PARAMETER>
       <KIND>P</KIND>
       <STEXT>返回参数</STEXT>
      </RSFDO>
     </DOCUMENTATION>
    </item>
    <item>
     <FUNCNAME>YBC_SWS_CANCEL_REQUEST</FUNCNAME>
     <SHORT_TEXT>取消请求</SHORT_TEXT>
     <IMPORT>
      <RSIMP>
       <PARAMETER>IV_REQUESTID</PARAMETER>
       <OPTIONAL>X</OPTIONAL>
       <TYP>YBC_SWS_REQUEST-REQUESTID</TYP>
      </RSIMP>
      <RSIMP>
       <PARAMETER>IV_APPID</PARAMETER>
       <OPTIONAL>X</OPTIONAL>
       <TYP>YBC_SWS_REQUEST-APPID</TYP>
      </RSIMP>
      <RSIMP>
       <PARAMETER>IV_BUSINESSID</PARAMETER>
       <OPTIONAL>X</OPTIONAL>
       <TYP>YBC_SWS_REQUEST-BUSINESSID</TYP>
      </RSIMP>
      <RSIMP>
       <PARAMETER>IV_NO_EXIST_CHECK</PARAMETER>
       <OPTIONAL>X</OPTIONAL>
       <TYP>CHAR1</TYP>
      </RSIMP>
      <RSIMP>
       <PARAMETER>IV_NO_STATUS_CHECK</PARAMETER>
       <OPTIONAL>X</OPTIONAL>
       <TYP>CHAR1</TYP>
      </RSIMP>
     </IMPORT>
     <EXPORT>
      <RSEXP>
       <PARAMETER>ES_MSG</PARAMETER>
       <TYP>BAPIRET2</TYP>
      </RSEXP>
     </EXPORT>
     <DOCUMENTATION>
      <RSFDO>
       <PARAMETER>IV_REQUESTID</PARAMETER>
       <KIND>P</KIND>
       <STEXT>Request ID</STEXT>
      </RSFDO>
      <RSFDO>
       <PARAMETER>IV_APPID</PARAMETER>
       <KIND>P</KIND>
       <STEXT>Application ID</STEXT>
      </RSFDO>
      <RSFDO>
       <PARAMETER>IV_BUSINESSID</PARAMETER>
       <KIND>P</KIND>
       <STEXT>Business ID</STEXT>
      </RSFDO>
      <RSFDO>
       <PARAMETER>IV_NO_EXIST_CHECK</PARAMETER>
       <KIND>P</KIND>
       <STEXT>记录存在性不检查</STEXT>
      </RSFDO>
      <RSFDO>
       <PARAMETER>IV_NO_STATUS_CHECK</PARAMETER>
       <KIND>P</KIND>
       <STEXT>强制取消，不检查单据状态</STEXT>
      </RSFDO>
      <RSFDO>
       <PARAMETER>ES_MSG</PARAMETER>
       <KIND>P</KIND>
       <STEXT>返回参数</STEXT>
      </RSFDO>
     </DOCUMENTATION>
    </item>
    <item>
     <FUNCNAME>YBC_SWS_CHECK_FINISHED</FUNCNAME>
     <SHORT_TEXT>检查是否满足最终审批条件</SHORT_TEXT>
     <IMPORT>
      <RSIMP>
       <PARAMETER>IV_WFCONFID</PARAMETER>
       <TYP>YBC_SWS_WFCONFID</TYP>
      </RSIMP>
      <RSIMP>
       <PARAMETER>IV_APPLEVEL</PARAMETER>
       <TYP>YBC_SWS_APPLEVEL</TYP>
      </RSIMP>
     </IMPORT>
     <EXPORT>
      <RSEXP>
       <PARAMETER>EV_FINISHED</PARAMETER>
       <TYP>CHAR1</TYP>
      </RSEXP>
      <RSEXP>
       <PARAMETER>ES_MSG</PARAMETER>
       <TYP>BAPIRET2</TYP>
      </RSEXP>
     </EXPORT>
     <TABLES>
      <RSTBL>
       <PARAMETER>IT_REQ_HEADER</PARAMETER>
       <DBSTRUCT>YBCS_SWS_FVALUE</DBSTRUCT>
       <OPTIONAL>X</OPTIONAL>
      </RSTBL>
     </TABLES>
     <DOCUMENTATION>
      <RSFDO>
       <PARAMETER>IV_WFCONFID</PARAMETER>
       <KIND>P</KIND>
       <STEXT>审批配置标识</STEXT>
      </RSFDO>
      <RSFDO>
       <PARAMETER>IV_APPLEVEL</PARAMETER>
       <KIND>P</KIND>
       <STEXT>审批级别</STEXT>
      </RSFDO>
      <RSFDO>
       <PARAMETER>EV_FINISHED</PARAMETER>
       <KIND>P</KIND>
       <STEXT>审批结束标识</STEXT>
      </RSFDO>
      <RSFDO>
       <PARAMETER>ES_MSG</PARAMETER>
       <KIND>P</KIND>
       <STEXT>返回参数</STEXT>
      </RSFDO>
      <RSFDO>
       <PARAMETER>IT_REQ_HEADER</PARAMETER>
       <KIND>P</KIND>
       <STEXT>请求表头数据</STEXT>
      </RSFDO>
     </DOCUMENTATION>
    </item>
    <item>
     <FUNCNAME>YBC_SWS_FORWARD_REQUEST</FUNCNAME>
     <SHORT_TEXT>转发请求</SHORT_TEXT>
     <IMPORT>
      <RSIMP>
       <PARAMETER>IS_APPROVER</PARAMETER>
       <TYP>YBC_SWS_APPROVER</TYP>
      </RSIMP>
      <RSIMP>
       <PARAMETER>IV_FORWARDAPPRS</PARAMETER>
       <TYP>CHAR200</TYP>
      </RSIMP>
      <RSIMP>
       <PARAMETER>IV_LANGUAGE</PARAMETER>
       <DEFAULT>&apos;ZH&apos;</DEFAULT>
       <OPTIONAL>X</OPTIONAL>
       <TYP>CHAR10</TYP>
      </RSIMP>
     </IMPORT>
     <EXPORT>
      <RSEXP>
       <PARAMETER>ES_MSG</PARAMETER>
       <TYP>BAPIRET2</TYP>
      </RSEXP>
     </EXPORT>
     <DOCUMENTATION>
      <RSFDO>
       <PARAMETER>IS_APPROVER</PARAMETER>
       <KIND>P</KIND>
       <STEXT>SWS 审批记录</STEXT>
      </RSFDO>
      <RSFDO>
       <PARAMETER>IV_FORWARDAPPRS</PARAMETER>
       <KIND>P</KIND>
       <STEXT>转发审批人</STEXT>
      </RSFDO>
      <RSFDO>
       <PARAMETER>IV_LANGUAGE</PARAMETER>
       <KIND>P</KIND>
       <STEXT>语言</STEXT>
      </RSFDO>
      <RSFDO>
       <PARAMETER>ES_MSG</PARAMETER>
       <KIND>P</KIND>
       <STEXT>返回参数</STEXT>
      </RSFDO>
     </DOCUMENTATION>
    </item>
    <item>
     <FUNCNAME>YBC_SWS_GET_APPROVER</FUNCNAME>
     <SHORT_TEXT>获取审批人</SHORT_TEXT>
     <IMPORT>
      <RSIMP>
       <PARAMETER>IV_WFCONFID</PARAMETER>
       <TYP>YBC_SWS_WFCONFID</TYP>
      </RSIMP>
      <RSIMP>
       <PARAMETER>IV_APPLEVEL</PARAMETER>
       <OPTIONAL>X</OPTIONAL>
       <TYP>YBC_SWS_APPLEVEL</TYP>
      </RSIMP>
      <RSIMP>
       <PARAMETER>IV_FIRST_LEVEL</PARAMETER>
       <OPTIONAL>X</OPTIONAL>
       <TYP>CHAR1</TYP>
      </RSIMP>
     </IMPORT>
     <EXPORT>
      <RSEXP>
       <PARAMETER>ES_MSG</PARAMETER>
       <TYP>BAPIRET2</TYP>
      </RSEXP>
     </EXPORT>
     <TABLES>
      <RSTBL>
       <PARAMETER>IT_REQ_HEADER</PARAMETER>
       <DBSTRUCT>YBCS_SWS_FVALUE</DBSTRUCT>
       <OPTIONAL>X</OPTIONAL>
      </RSTBL>
      <RSTBL>
       <PARAMETER>ET_APPROVER</PARAMETER>
       <DBSTRUCT>YBCS_SWS_APPROVER</DBSTRUCT>
      </RSTBL>
     </TABLES>
     <DOCUMENTATION>
      <RSFDO>
       <PARAMETER>IV_WFCONFID</PARAMETER>
       <KIND>P</KIND>
       <STEXT>审批配置标识</STEXT>
      </RSFDO>
      <RSFDO>
       <PARAMETER>IV_APPLEVEL</PARAMETER>
       <KIND>P</KIND>
       <STEXT>审批级别</STEXT>
      </RSFDO>
      <RSFDO>
       <PARAMETER>IV_FIRST_LEVEL</PARAMETER>
       <KIND>P</KIND>
       <STEXT>第一个审批级别标识</STEXT>
      </RSFDO>
      <RSFDO>
       <PARAMETER>ES_MSG</PARAMETER>
       <KIND>P</KIND>
       <STEXT>返回参数</STEXT>
      </RSFDO>
      <RSFDO>
       <PARAMETER>IT_REQ_HEADER</PARAMETER>
       <KIND>P</KIND>
       <STEXT>请求表头数据</STEXT>
      </RSFDO>
      <RSFDO>
       <PARAMETER>ET_APPROVER</PARAMETER>
       <KIND>P</KIND>
       <STEXT>审批者</STEXT>
      </RSFDO>
     </DOCUMENTATION>
    </item>
    <item>
     <FUNCNAME>YBC_SWS_GET_HISTORY</FUNCNAME>
     <SHORT_TEXT>获取审批历史</SHORT_TEXT>
     <IMPORT>
      <RSIMP>
       <PARAMETER>IV_REQUESTID</PARAMETER>
       <TYP>YBC_SWS_REQUEST-REQUESTID</TYP>
      </RSIMP>
      <RSIMP>
       <PARAMETER>IV_ACTLPROC_ONLY</PARAMETER>
       <DEFAULT>&apos;X&apos;</DEFAULT>
       <OPTIONAL>X</OPTIONAL>
       <TYP>CHAR1</TYP>
      </RSIMP>
     </IMPORT>
     <EXPORT>
      <RSEXP>
       <PARAMETER>ES_MSG</PARAMETER>
       <TYP>BAPIRET2</TYP>
      </RSEXP>
      <RSEXP>
       <PARAMETER>ET_HISTORY</PARAMETER>
       <TYP>YBCT_SWS_HISTORY</TYP>
      </RSEXP>
     </EXPORT>
     <DOCUMENTATION>
      <RSFDO>
       <PARAMETER>IV_REQUESTID</PARAMETER>
       <KIND>P</KIND>
       <STEXT>Request ID</STEXT>
      </RSFDO>
      <RSFDO>
       <PARAMETER>IV_ACTLPROC_ONLY</PARAMETER>
       <KIND>P</KIND>
       <STEXT>只显示实际处理者</STEXT>
      </RSFDO>
      <RSFDO>
       <PARAMETER>ES_MSG</PARAMETER>
       <KIND>P</KIND>
       <STEXT>返回参数</STEXT>
      </RSFDO>
      <RSFDO>
       <PARAMETER>ET_HISTORY</PARAMETER>
       <KIND>P</KIND>
       <STEXT>审批历史</STEXT>
      </RSFDO>
     </DOCUMENTATION>
    </item>
    <item>
     <FUNCNAME>YBC_SWS_PREPARE_DATA</FUNCNAME>
     <SHORT_TEXT>准备发送数据</SHORT_TEXT>
     <IMPORT>
      <RSIMP>
       <PARAMETER>IV_HEADER</PARAMETER>
       <TYP>ANY</TYP>
      </RSIMP>
     </IMPORT>
     <EXPORT>
      <RSEXP>
       <PARAMETER>ES_MSG</PARAMETER>
       <TYP>BAPIRET2</TYP>
      </RSEXP>
     </EXPORT>
     <TABLES>
      <RSTBL>
       <PARAMETER>IT_ITEM</PARAMETER>
       <OPTIONAL>X</OPTIONAL>
       <TYP>STANDARD TABLE</TYP>
      </RSTBL>
      <RSTBL>
       <PARAMETER>ET_HEAD_DATA</PARAMETER>
       <DBSTRUCT>YBCS_SWS_DATA_H</DBSTRUCT>
       <OPTIONAL>X</OPTIONAL>
      </RSTBL>
      <RSTBL>
       <PARAMETER>ET_ITEM_DATA</PARAMETER>
       <DBSTRUCT>YBCS_SWS_DATA_I</DBSTRUCT>
       <OPTIONAL>X</OPTIONAL>
      </RSTBL>
     </TABLES>
     <DOCUMENTATION>
      <RSFDO>
       <PARAMETER>IV_HEADER</PARAMETER>
       <KIND>P</KIND>
       <STEXT>表头数据内容</STEXT>
      </RSFDO>
      <RSFDO>
       <PARAMETER>ES_MSG</PARAMETER>
       <KIND>P</KIND>
       <STEXT>返回参数</STEXT>
      </RSFDO>
      <RSFDO>
       <PARAMETER>IT_ITEM</PARAMETER>
       <KIND>P</KIND>
      </RSFDO>
      <RSFDO>
       <PARAMETER>ET_HEAD_DATA</PARAMETER>
       <KIND>P</KIND>
       <STEXT>SwiftSAP Data Field &amp; Value</STEXT>
      </RSFDO>
      <RSFDO>
       <PARAMETER>ET_ITEM_DATA</PARAMETER>
       <KIND>P</KIND>
       <STEXT>SwiftSAP Item Data Field &amp; Value</STEXT>
      </RSFDO>
     </DOCUMENTATION>
    </item>
    <item>
     <FUNCNAME>YBC_SWS_SENDBACK_REQUEST</FUNCNAME>
     <SHORT_TEXT>退回请求</SHORT_TEXT>
     <IMPORT>
      <RSIMP>
       <PARAMETER>IS_APPROVER</PARAMETER>
       <TYP>YBC_SWS_APPROVER</TYP>
      </RSIMP>
      <RSIMP>
       <PARAMETER>IV_SENDBACKLEVEL</PARAMETER>
       <TYP>YBC_SWS_APPROVER-APPLEVEL</TYP>
      </RSIMP>
      <RSIMP>
       <PARAMETER>IV_WFCONFID</PARAMETER>
       <TYP>YBC_SWS_APP_CNFG-WFCONFID</TYP>
      </RSIMP>
      <RSIMP>
       <PARAMETER>IV_LANGUAGE</PARAMETER>
       <DEFAULT>&apos;ZH&apos;</DEFAULT>
       <OPTIONAL>X</OPTIONAL>
       <TYP>CHAR10</TYP>
      </RSIMP>
     </IMPORT>
     <EXPORT>
      <RSEXP>
       <PARAMETER>ES_MSG</PARAMETER>
       <TYP>BAPIRET2</TYP>
      </RSEXP>
     </EXPORT>
     <DOCUMENTATION>
      <RSFDO>
       <PARAMETER>IS_APPROVER</PARAMETER>
       <KIND>P</KIND>
       <STEXT>SWS 审批记录</STEXT>
      </RSFDO>
      <RSFDO>
       <PARAMETER>IV_SENDBACKLEVEL</PARAMETER>
       <KIND>P</KIND>
       <STEXT>退回级别</STEXT>
      </RSFDO>
      <RSFDO>
       <PARAMETER>IV_WFCONFID</PARAMETER>
       <KIND>P</KIND>
       <STEXT>审批配置标识</STEXT>
      </RSFDO>
      <RSFDO>
       <PARAMETER>IV_LANGUAGE</PARAMETER>
       <KIND>P</KIND>
       <STEXT>语言</STEXT>
      </RSFDO>
      <RSFDO>
       <PARAMETER>ES_MSG</PARAMETER>
       <KIND>P</KIND>
       <STEXT>返回参数</STEXT>
      </RSFDO>
     </DOCUMENTATION>
    </item>
    <item>
     <FUNCNAME>YBC_SWS_SEND_FIRST</FUNCNAME>
     <SHORT_TEXT>发送请求到SwiftSAP</SHORT_TEXT>
     <IMPORT>
      <RSIMP>
       <PARAMETER>IV_APPID</PARAMETER>
       <TYP>YBC_SWS_APPID</TYP>
      </RSIMP>
      <RSIMP>
       <PARAMETER>IV_TEMPLID</PARAMETER>
       <TYP>YBC_SWS_TEMPLID</TYP>
      </RSIMP>
      <RSIMP>
       <PARAMETER>IV_BUSINESSID</PARAMETER>
       <TYP>YBC_SWS_REQUEST-BUSINESSID</TYP>
      </RSIMP>
      <RSIMP>
       <PARAMETER>IV_UNAME</PARAMETER>
       <DEFAULT>SY-UNAME</DEFAULT>
       <OPTIONAL>X</OPTIONAL>
       <TYP>SY-UNAME</TYP>
      </RSIMP>
     </IMPORT>
     <EXPORT>
      <RSEXP>
       <PARAMETER>ES_MSG</PARAMETER>
       <TYP>BAPIRET2</TYP>
      </RSEXP>
     </EXPORT>
     <TABLES>
      <RSTBL>
       <PARAMETER>IT_HEAD_DATA</PARAMETER>
       <DBSTRUCT>YBCS_SWS_DATA_H</DBSTRUCT>
      </RSTBL>
      <RSTBL>
       <PARAMETER>IT_ITEM_DATA</PARAMETER>
       <DBSTRUCT>YBCS_SWS_DATA_I</DBSTRUCT>
       <OPTIONAL>X</OPTIONAL>
      </RSTBL>
      <RSTBL>
       <PARAMETER>IT_APPROVER</PARAMETER>
       <DBSTRUCT>YBCS_SWS_APPROVER</DBSTRUCT>
       <OPTIONAL>X</OPTIONAL>
      </RSTBL>
      <RSTBL>
       <PARAMETER>IT_ATTACH</PARAMETER>
       <OPTIONAL>X</OPTIONAL>
       <TYP>YBCT_SWS_ATTACH01</TYP>
      </RSTBL>
     </TABLES>
     <DOCUMENTATION>
      <RSFDO>
       <PARAMETER>IV_APPID</PARAMETER>
       <KIND>P</KIND>
       <STEXT>应用ID</STEXT>
      </RSFDO>
      <RSFDO>
       <PARAMETER>IV_TEMPLID</PARAMETER>
       <KIND>P</KIND>
       <STEXT>模板ID</STEXT>
      </RSFDO>
      <RSFDO>
       <PARAMETER>IV_BUSINESSID</PARAMETER>
       <KIND>P</KIND>
       <STEXT>业务单号</STEXT>
      </RSFDO>
      <RSFDO>
       <PARAMETER>IV_UNAME</PARAMETER>
       <KIND>P</KIND>
       <STEXT>创建者标识</STEXT>
      </RSFDO>
      <RSFDO>
       <PARAMETER>ES_MSG</PARAMETER>
       <KIND>P</KIND>
       <STEXT>返回参数</STEXT>
      </RSFDO>
      <RSFDO>
       <PARAMETER>IT_HEAD_DATA</PARAMETER>
       <KIND>P</KIND>
       <STEXT>抬头数据</STEXT>
      </RSFDO>
      <RSFDO>
       <PARAMETER>IT_ITEM_DATA</PARAMETER>
       <KIND>P</KIND>
       <STEXT>SwiftSAP Item Data Field &amp; Value</STEXT>
      </RSFDO>
      <RSFDO>
       <PARAMETER>IT_APPROVER</PARAMETER>
       <KIND>P</KIND>
       <STEXT>审批者</STEXT>
      </RSFDO>
      <RSFDO>
       <PARAMETER>IT_ATTACH</PARAMETER>
       <KIND>P</KIND>
       <STEXT>附件</STEXT>
      </RSFDO>
     </DOCUMENTATION>
    </item>
    <item>
     <FUNCNAME>YBC_SWS_SEND_NEXT</FUNCNAME>
     <SHORT_TEXT>发送请求到下级审批者</SHORT_TEXT>
     <IMPORT>
      <RSIMP>
       <PARAMETER>IV_REQUESTID</PARAMETER>
       <TYP>YBC_SWS_REQUEST-REQUESTID</TYP>
      </RSIMP>
     </IMPORT>
     <EXPORT>
      <RSEXP>
       <PARAMETER>ES_MSG</PARAMETER>
       <TYP>BAPIRET2</TYP>
      </RSEXP>
     </EXPORT>
     <TABLES>
      <RSTBL>
       <PARAMETER>IT_APPROVER</PARAMETER>
       <DBSTRUCT>YBCS_SWS_APPROVER</DBSTRUCT>
      </RSTBL>
     </TABLES>
     <DOCUMENTATION>
      <RSFDO>
       <PARAMETER>IV_REQUESTID</PARAMETER>
       <KIND>P</KIND>
       <STEXT>Request ID</STEXT>
      </RSFDO>
      <RSFDO>
       <PARAMETER>ES_MSG</PARAMETER>
       <KIND>P</KIND>
       <STEXT>返回参数</STEXT>
      </RSFDO>
      <RSFDO>
       <PARAMETER>IT_APPROVER</PARAMETER>
       <KIND>P</KIND>
       <STEXT>SwiftSAP Approver</STEXT>
      </RSFDO>
     </DOCUMENTATION>
    </item>
   </FUNCTIONS>
  </asx:values>
 </asx:abap>
</abapGit>
