﻿<?xml version="1.0" encoding="utf-8"?>
<abapGit version="v1.0.0" serializer="LCL_OBJECT_NROB" serializer_version="v1.0.0">
 <asx:abap xmlns:asx="http://www.sap.com/abapxml" version="1.0">
  <asx:values>
   <ATTRIBUTES>
    <OBJECT>YBC_SWS_NO</OBJECT>
    <DOMLEN>CHAR12</DOMLEN>
    <PERCENTAGE>90.0</PERCENTAGE>
    <NOIVBUFFER>00000010</NOIVBUFFER>
   </ATTRIBUTES>
   <TEXT>
    <LANGU>1</LANGU>
    <OBJECT>YBC_SWS_NO</OBJECT>
    <TXT>SwiftSAP Request ID Generate</TXT>
    <TXTSHORT>SwiftSAP Request ID</TXTSHORT>
   </TEXT>
  </asx:values>
 </asx:abap>
</abapGit>
