﻿<?xml version="1.0" encoding="utf-8"?>
<abapGit version="v1.0.0">
 <asx:abap xmlns:asx="http://www.sap.com/abapxml" version="1.0">
  <asx:values>
   <PROGDIR>
    <NAME>SAPLYBC_SWS_CALLBACK_SAMPLE</NAME>
    <DBAPL>S</DBAPL>
    <DBNA>D$</DBNA>
    <SUBC>F</SUBC>
    <APPL>S</APPL>
    <RLOAD>1</RLOAD>
    <FIXPT>X</FIXPT>
    <LDBNAME>D$S</LDBNAME>
    <UCCHECK>X</UCCHECK>
   </PROGDIR>
   <TPOOL>
    <item>
     <ID>I</ID>
     <KEY>M01</KEY>
     <ENTRY>销售订单不存在</ENTRY>
     <LENGTH>17</LENGTH>
    </item>
    <item>
     <ID>I</ID>
     <KEY>M02</KEY>
     <ENTRY>根据上级审批级别，找不到下级审批级别，请检查SO审批配置！</ENTRY>
     <LENGTH>44</LENGTH>
    </item>
    <item>
     <ID>I</ID>
     <KEY>M03</KEY>
     <ENTRY>根据业务单号找不到采购申请！</ENTRY>
     <LENGTH>24</LENGTH>
    </item>
    <item>
     <ID>I</ID>
     <KEY>M04</KEY>
     <ENTRY>采购申请拒绝失败，请重试！</ENTRY>
     <LENGTH>23</LENGTH>
    </item>
   </TPOOL>
  </asx:values>
 </asx:abap>
</abapGit>
