﻿<?xml version="1.0" encoding="utf-8"?>
<abapGit version="v1.0.0" serializer="LCL_OBJECT_MSAG" serializer_version="v1.0.0">
 <asx:abap xmlns:asx="http://www.sap.com/abapxml" version="1.0">
  <asx:values>
   <T100A>
    <ARBGB>YBC_SWS</ARBGB>
    <MASTERLANG>1</MASTERLANG>
    <STEXT>SwiftSAP 消息类</STEXT>
   </T100A>
   <T100>
    <T100>
     <SPRSL>1</SPRSL>
     <ARBGB>YBC_SWS</ARBGB>
     <MSGNR>000</MSGNR>
     <TEXT>&amp;&amp;&amp;&amp;</TEXT>
    </T100>
    <T100>
     <SPRSL>1</SPRSL>
     <ARBGB>YBC_SWS</ARBGB>
     <MSGNR>001</MSGNR>
     <TEXT>&amp;1&amp;2&amp;3&amp;4</TEXT>
    </T100>
    <T100>
     <SPRSL>1</SPRSL>
     <ARBGB>YBC_SWS</ARBGB>
     <MSGNR>002</MSGNR>
     <TEXT>未找到匹配数据，请检查！</TEXT>
    </T100>
    <T100>
     <SPRSL>1</SPRSL>
     <ARBGB>YBC_SWS</ARBGB>
     <MSGNR>003</MSGNR>
     <TEXT>应用ID&amp;1不存在，请检查！</TEXT>
    </T100>
    <T100>
     <SPRSL>1</SPRSL>
     <ARBGB>YBC_SWS</ARBGB>
     <MSGNR>004</MSGNR>
     <TEXT>应用&amp;1配置不存在，请检查配置！</TEXT>
    </T100>
    <T100>
     <SPRSL>1</SPRSL>
     <ARBGB>YBC_SWS</ARBGB>
     <MSGNR>005</MSGNR>
     <TEXT>模板ID&amp;1不存在，请检查配置！</TEXT>
    </T100>
    <T100>
     <SPRSL>1</SPRSL>
     <ARBGB>YBC_SWS</ARBGB>
     <MSGNR>006</MSGNR>
     <TEXT>根据主键&amp;1找不到业务单据，请检查配置！</TEXT>
    </T100>
    <T100>
     <SPRSL>1</SPRSL>
     <ARBGB>YBC_SWS</ARBGB>
     <MSGNR>007</MSGNR>
     <TEXT>生成请求编号失败，请检查SNRO配置且不能被锁！</TEXT>
    </T100>
    <T100>
     <SPRSL>1</SPRSL>
     <ARBGB>YBC_SWS</ARBGB>
     <MSGNR>008</MSGNR>
     <TEXT>提交SwiftSAP成功！</TEXT>
    </T100>
    <T100>
     <SPRSL>1</SPRSL>
     <ARBGB>YBC_SWS</ARBGB>
     <MSGNR>009</MSGNR>
     <TEXT>生成唯一标识(UUID)失败，请重试！</TEXT>
    </T100>
    <T100>
     <SPRSL>1</SPRSL>
     <ARBGB>YBC_SWS</ARBGB>
     <MSGNR>010</MSGNR>
     <TEXT>找不到请求号&amp;1，请检查！</TEXT>
    </T100>
    <T100>
     <SPRSL>1</SPRSL>
     <ARBGB>YBC_SWS</ARBGB>
     <MSGNR>011</MSGNR>
     <TEXT>审批者不能为空，请传入审批人员！</TEXT>
    </T100>
    <T100>
     <SPRSL>1</SPRSL>
     <ARBGB>YBC_SWS</ARBGB>
     <MSGNR>012</MSGNR>
     <TEXT>请输入请求编号(Requestid)或者应用标识(Appid)和业务单号(Bussinessid)</TEXT>
    </T100>
    <T100>
     <SPRSL>1</SPRSL>
     <ARBGB>YBC_SWS</ARBGB>
     <MSGNR>013</MSGNR>
     <TEXT>请求已被&amp;1取消</TEXT>
    </T100>
    <T100>
     <SPRSL>1</SPRSL>
     <ARBGB>YBC_SWS</ARBGB>
     <MSGNR>014</MSGNR>
     <TEXT>无请求须&amp;1审批</TEXT>
    </T100>
    <T100>
     <SPRSL>1</SPRSL>
     <ARBGB>YBC_SWS</ARBGB>
     <MSGNR>015</MSGNR>
     <TEXT>应用&amp;1操作不存在，请检查配置！</TEXT>
    </T100>
    <T100>
     <SPRSL>1</SPRSL>
     <ARBGB>YBC_SWS</ARBGB>
     <MSGNR>016</MSGNR>
     <TEXT>审批级别和初始审批级别标识不能都为空！</TEXT>
    </T100>
    <T100>
     <SPRSL>1</SPRSL>
     <ARBGB>YBC_SWS</ARBGB>
     <MSGNR>017</MSGNR>
     <TEXT>审批配置&amp;1审批级别&amp;2未配置审批人，请检查配置！</TEXT>
    </T100>
    <T100>
     <SPRSL>1</SPRSL>
     <ARBGB>YBC_SWS</ARBGB>
     <MSGNR>018</MSGNR>
     <TEXT>审批配置&amp;1未找到，请检查配置！</TEXT>
    </T100>
    <T100>
     <SPRSL>1</SPRSL>
     <ARBGB>YBC_SWS</ARBGB>
     <MSGNR>019</MSGNR>
     <TEXT>附件ID&amp;1未找到，请检查！</TEXT>
    </T100>
    <T100>
     <SPRSL>1</SPRSL>
     <ARBGB>YBC_SWS</ARBGB>
     <MSGNR>020</MSGNR>
     <TEXT>请选择一条记录，且只能选择一条！</TEXT>
    </T100>
    <T100>
     <SPRSL>1</SPRSL>
     <ARBGB>YBC_SWS</ARBGB>
     <MSGNR>021</MSGNR>
     <TEXT>请求已取消/退回或不存在！</TEXT>
    </T100>
    <T100>
     <SPRSL>1</SPRSL>
     <ARBGB>YBC_SWS</ARBGB>
     <MSGNR>022</MSGNR>
     <TEXT>已经成功获取字段列表</TEXT>
    </T100>
    <T100>
     <SPRSL>1</SPRSL>
     <ARBGB>YBC_SWS</ARBGB>
     <MSGNR>023</MSGNR>
     <TEXT>请选择字段</TEXT>
    </T100>
    <T100>
     <SPRSL>1</SPRSL>
     <ARBGB>YBC_SWS</ARBGB>
     <MSGNR>024</MSGNR>
     <TEXT>未找到符合条件的审批配置，请检查！</TEXT>
    </T100>
    <T100>
     <SPRSL>1</SPRSL>
     <ARBGB>YBC_SWS</ARBGB>
     <MSGNR>025</MSGNR>
     <TEXT>提交SwiftSAP失败，请重试！</TEXT>
    </T100>
    <T100>
     <SPRSL>1</SPRSL>
     <ARBGB>YBC_SWS</ARBGB>
     <MSGNR>026</MSGNR>
     <TEXT>已提交</TEXT>
    </T100>
    <T100>
     <SPRSL>1</SPRSL>
     <ARBGB>YBC_SWS</ARBGB>
     <MSGNR>027</MSGNR>
     <TEXT>审批中</TEXT>
    </T100>
    <T100>
     <SPRSL>1</SPRSL>
     <ARBGB>YBC_SWS</ARBGB>
     <MSGNR>028</MSGNR>
     <TEXT>已取消</TEXT>
    </T100>
    <T100>
     <SPRSL>1</SPRSL>
     <ARBGB>YBC_SWS</ARBGB>
     <MSGNR>029</MSGNR>
     <TEXT>成功处理</TEXT>
    </T100>
    <T100>
     <SPRSL>1</SPRSL>
     <ARBGB>YBC_SWS</ARBGB>
     <MSGNR>030</MSGNR>
     <TEXT>处理失败</TEXT>
    </T100>
    <T100>
     <SPRSL>1</SPRSL>
     <ARBGB>YBC_SWS</ARBGB>
     <MSGNR>031</MSGNR>
     <TEXT>只有&apos;已提交&apos;状态下的单据能取消，其它状态不允许取消</TEXT>
    </T100>
    <T100>
     <SPRSL>1</SPRSL>
     <ARBGB>YBC_SWS</ARBGB>
     <MSGNR>032</MSGNR>
     <TEXT>请求已被&amp;1退回</TEXT>
    </T100>
    <T100>
     <SPRSL>1</SPRSL>
     <ARBGB>YBC_SWS</ARBGB>
     <MSGNR>033</MSGNR>
     <TEXT>单据已经被其它人处理，请刷新审批列表！</TEXT>
    </T100>
    <T100>
     <SPRSL>1</SPRSL>
     <ARBGB>YBC_SWS</ARBGB>
     <MSGNR>034</MSGNR>
     <TEXT>应用配置找不到回调函数！</TEXT>
    </T100>
    <T100>
     <SPRSL>1</SPRSL>
     <ARBGB>YBC_SWS</ARBGB>
     <MSGNR>035</MSGNR>
     <TEXT>未找到下级审批人,</TEXT>
    </T100>
    <T100>
     <SPRSL>1</SPRSL>
     <ARBGB>YBC_SWS</ARBGB>
     <MSGNR>036</MSGNR>
     <TEXT>数据更新成功</TEXT>
    </T100>
    <T100>
     <SPRSL>1</SPRSL>
     <ARBGB>YBC_SWS</ARBGB>
     <MSGNR>037</MSGNR>
     <TEXT>数据更新失败</TEXT>
    </T100>
    <T100>
     <SPRSL>1</SPRSL>
     <ARBGB>YBC_SWS</ARBGB>
     <MSGNR>038</MSGNR>
     <TEXT>回退审批节点不能为空</TEXT>
    </T100>
    <T100>
     <SPRSL>1</SPRSL>
     <ARBGB>YBC_SWS</ARBGB>
     <MSGNR>039</MSGNR>
     <TEXT>请求已被&amp;1退回到&amp;2</TEXT>
    </T100>
    <T100>
     <SPRSL>1</SPRSL>
     <ARBGB>YBC_SWS</ARBGB>
     <MSGNR>040</MSGNR>
     <TEXT>转发的审批人不能为空</TEXT>
    </T100>
    <T100>
     <SPRSL>1</SPRSL>
     <ARBGB>YBC_SWS</ARBGB>
     <MSGNR>041</MSGNR>
     <TEXT>请求已被&amp;1转发到&amp;2</TEXT>
    </T100>
    <T100>
     <SPRSL>1</SPRSL>
     <ARBGB>YBC_SWS</ARBGB>
     <MSGNR>042</MSGNR>
     <TEXT>请求已转发到&amp;2</TEXT>
    </T100>
    <T100>
     <SPRSL>1</SPRSL>
     <ARBGB>YBC_SWS</ARBGB>
     <MSGNR>043</MSGNR>
     <TEXT>检查是否满足最终审批出错，原因:</TEXT>
    </T100>
    <T100>
     <SPRSL>1</SPRSL>
     <ARBGB>YBC_SWS</ARBGB>
     <MSGNR>044</MSGNR>
     <TEXT>用户&amp;1不存在，请联系管理员！</TEXT>
    </T100>
    <T100>
     <SPRSL>1</SPRSL>
     <ARBGB>YBC_SWS</ARBGB>
     <MSGNR>045</MSGNR>
     <TEXT>请选择记录！</TEXT>
    </T100>
    <T100>
     <SPRSL>1</SPRSL>
     <ARBGB>YBC_SWS</ARBGB>
     <MSGNR>046</MSGNR>
     <TEXT>选择的用户已加锁成功</TEXT>
    </T100>
    <T100>
     <SPRSL>1</SPRSL>
     <ARBGB>YBC_SWS</ARBGB>
     <MSGNR>047</MSGNR>
     <TEXT>选择的用户已解锁成功</TEXT>
    </T100>
    <T100>
     <SPRSL>1</SPRSL>
     <ARBGB>YBC_SWS</ARBGB>
     <MSGNR>048</MSGNR>
     <TEXT>选择的用户密码已初始化成功</TEXT>
    </T100>
    <T100>
     <SPRSL>1</SPRSL>
     <ARBGB>YBC_SWS</ARBGB>
     <MSGNR>049</MSGNR>
     <TEXT>请选择文件</TEXT>
    </T100>
    <T100>
     <SPRSL>1</SPRSL>
     <ARBGB>YBC_SWS</ARBGB>
     <MSGNR>050</MSGNR>
     <TEXT>密码加密失败，原因是：&amp;1, 请重试！</TEXT>
    </T100>
    <T100>
     <SPRSL>1</SPRSL>
     <ARBGB>YBC_SWS</ARBGB>
     <MSGNR>051</MSGNR>
     <TEXT>密码不对，请重新录入！</TEXT>
    </T100>
    <T100>
     <SPRSL>1</SPRSL>
     <ARBGB>YBC_SWS</ARBGB>
     <MSGNR>052</MSGNR>
     <TEXT>原始密码不对，请重新录入！</TEXT>
    </T100>
    <T100>
     <SPRSL>1</SPRSL>
     <ARBGB>YBC_SWS</ARBGB>
     <MSGNR>053</MSGNR>
     <TEXT>密码已经修改成功，请用新密码登陆</TEXT>
    </T100>
    <T100>
     <SPRSL>1</SPRSL>
     <ARBGB>YBC_SWS</ARBGB>
     <MSGNR>054</MSGNR>
     <TEXT>配置或者传入的SAP ID&amp;1不存在，请检查！</TEXT>
    </T100>
   </T100>
   <I18N_LANGS>
    <LANGU>E</LANGU>
   </I18N_LANGS>
   <T100T>
    <T100T>
     <SPRSL>E</SPRSL>
     <ARBGB>YBC_SWS</ARBGB>
     <STEXT>SwiftSAP Message Class</STEXT>
    </T100T>
   </T100T>
   <T100_TEXTS>
    <item>
     <SPRSL>E</SPRSL>
     <MSGNR>000</MSGNR>
     <TEXT>&amp;&amp;&amp;&amp;</TEXT>
    </item>
    <item>
     <SPRSL>E</SPRSL>
     <MSGNR>001</MSGNR>
     <TEXT>&amp;1&amp;2&amp;3&amp;4</TEXT>
    </item>
    <item>
     <SPRSL>E</SPRSL>
     <MSGNR>002</MSGNR>
     <TEXT>No data found, please check！</TEXT>
    </item>
    <item>
     <SPRSL>E</SPRSL>
     <MSGNR>003</MSGNR>
     <TEXT>App &amp;1 does not exist, please check config！</TEXT>
    </item>
    <item>
     <SPRSL>E</SPRSL>
     <MSGNR>004</MSGNR>
     <TEXT>Config of App &amp;1 does not exist, please check config！</TEXT>
    </item>
    <item>
     <SPRSL>E</SPRSL>
     <MSGNR>005</MSGNR>
     <TEXT>Template &amp;1 does not exist, please check config！</TEXT>
    </item>
    <item>
     <SPRSL>E</SPRSL>
     <MSGNR>006</MSGNR>
     <TEXT>Can not found bussiness request according key of &amp;1！</TEXT>
    </item>
    <item>
     <SPRSL>E</SPRSL>
     <MSGNR>007</MSGNR>
     <TEXT>Generate request id failed，please check SNRO！</TEXT>
    </item>
    <item>
     <SPRSL>E</SPRSL>
     <MSGNR>008</MSGNR>
     <TEXT>Submit SwiftSAP successfully！</TEXT>
    </item>
    <item>
     <SPRSL>E</SPRSL>
     <MSGNR>009</MSGNR>
     <TEXT>Generate UUID failed，please retry！</TEXT>
    </item>
    <item>
     <SPRSL>E</SPRSL>
     <MSGNR>010</MSGNR>
     <TEXT>Can not found request &amp;1，please check！</TEXT>
    </item>
    <item>
     <SPRSL>E</SPRSL>
     <MSGNR>011</MSGNR>
     <TEXT>Please provide approvers！</TEXT>
    </item>
    <item>
     <SPRSL>E</SPRSL>
     <MSGNR>012</MSGNR>
     <TEXT>Please provide Requestid or Appid and Bussinessid</TEXT>
    </item>
    <item>
     <SPRSL>E</SPRSL>
     <MSGNR>013</MSGNR>
     <TEXT>Request has been cancelled by &amp;1</TEXT>
    </item>
    <item>
     <SPRSL>E</SPRSL>
     <MSGNR>014</MSGNR>
     <TEXT>No request need approve by &amp;1</TEXT>
    </item>
    <item>
     <SPRSL>E</SPRSL>
     <MSGNR>015</MSGNR>
     <TEXT>No actions found by App &amp;1，please check config！</TEXT>
    </item>
    <item>
     <SPRSL>E</SPRSL>
     <MSGNR>016</MSGNR>
     <TEXT>Please provide approve level or inital approve level</TEXT>
    </item>
    <item>
     <SPRSL>E</SPRSL>
     <MSGNR>017</MSGNR>
     <TEXT>Can not found approvers accordding WF ID &amp;1 and approve level &amp;2, please</TEXT>
    </item>
    <item>
     <SPRSL>E</SPRSL>
     <MSGNR>018</MSGNR>
     <TEXT>Can not found WF ID &amp;1, please check config！</TEXT>
    </item>
    <item>
     <SPRSL>E</SPRSL>
     <MSGNR>019</MSGNR>
     <TEXT>Can not found Attachment ID &amp;1，please check！</TEXT>
    </item>
    <item>
     <SPRSL>E</SPRSL>
     <MSGNR>020</MSGNR>
     <TEXT>Please select record, and only one record！</TEXT>
    </item>
    <item>
     <SPRSL>E</SPRSL>
     <MSGNR>021</MSGNR>
     <TEXT>Request does not exist or has been cancelled/sendback！</TEXT>
    </item>
    <item>
     <SPRSL>E</SPRSL>
     <MSGNR>022</MSGNR>
     <TEXT>Get fields successfully</TEXT>
    </item>
    <item>
     <SPRSL>E</SPRSL>
     <MSGNR>023</MSGNR>
     <TEXT>Please select field</TEXT>
    </item>
    <item>
     <SPRSL>E</SPRSL>
     <MSGNR>024</MSGNR>
     <TEXT>Can&apos;t find approval configuration according to condition!</TEXT>
    </item>
    <item>
     <SPRSL>E</SPRSL>
     <MSGNR>025</MSGNR>
     <TEXT>Submit swiftsap failed, please retry!</TEXT>
    </item>
    <item>
     <SPRSL>E</SPRSL>
     <MSGNR>026</MSGNR>
     <TEXT>submitted</TEXT>
    </item>
    <item>
     <SPRSL>E</SPRSL>
     <MSGNR>027</MSGNR>
     <TEXT>approving</TEXT>
    </item>
    <item>
     <SPRSL>E</SPRSL>
     <MSGNR>028</MSGNR>
     <TEXT>cancelled</TEXT>
    </item>
    <item>
     <SPRSL>E</SPRSL>
     <MSGNR>029</MSGNR>
     <TEXT>success processed</TEXT>
    </item>
    <item>
     <SPRSL>E</SPRSL>
     <MSGNR>030</MSGNR>
     <TEXT>failed processed</TEXT>
    </item>
    <item>
     <SPRSL>E</SPRSL>
     <MSGNR>031</MSGNR>
     <TEXT>Only &apos;submitted&apos; status of request can be cancel!</TEXT>
    </item>
    <item>
     <SPRSL>E</SPRSL>
     <MSGNR>032</MSGNR>
     <TEXT>Request has been sendback by &amp;1</TEXT>
    </item>
    <item>
     <SPRSL>E</SPRSL>
     <MSGNR>033</MSGNR>
     <TEXT>Request has been processed by others, please refresh list.</TEXT>
    </item>
    <item>
     <SPRSL>E</SPRSL>
     <MSGNR>034</MSGNR>
     <TEXT>Can&apos;t found callback function, please check config.</TEXT>
    </item>
    <item>
     <SPRSL>E</SPRSL>
     <MSGNR>035</MSGNR>
     <TEXT>Can&apos;t found approvers of next approve level</TEXT>
    </item>
    <item>
     <SPRSL>E</SPRSL>
     <MSGNR>036</MSGNR>
     <TEXT>Data updated successfully</TEXT>
    </item>
    <item>
     <SPRSL>E</SPRSL>
     <MSGNR>037</MSGNR>
     <TEXT>Date update failed, please retry</TEXT>
    </item>
    <item>
     <SPRSL>E</SPRSL>
     <MSGNR>038</MSGNR>
     <TEXT>Sendback level can not be null</TEXT>
    </item>
    <item>
     <SPRSL>E</SPRSL>
     <MSGNR>039</MSGNR>
     <TEXT>Request has been sendback to &amp;2 by &amp;1 successfully</TEXT>
    </item>
    <item>
     <SPRSL>E</SPRSL>
     <MSGNR>040</MSGNR>
     <TEXT>The approver of forward can not be null</TEXT>
    </item>
    <item>
     <SPRSL>E</SPRSL>
     <MSGNR>041</MSGNR>
     <TEXT>Request has been forward to &amp;2 by &amp;1 successfully</TEXT>
    </item>
    <item>
     <SPRSL>E</SPRSL>
     <MSGNR>042</MSGNR>
     <TEXT>Request has been forward to &amp;2</TEXT>
    </item>
    <item>
     <SPRSL>E</SPRSL>
     <MSGNR>043</MSGNR>
     <TEXT>The check of finnal level approve fail, reason is</TEXT>
    </item>
    <item>
     <SPRSL>E</SPRSL>
     <MSGNR>044</MSGNR>
     <TEXT>User &amp;1 is not exist, please contact admimistrator</TEXT>
    </item>
    <item>
     <SPRSL>E</SPRSL>
     <MSGNR>045</MSGNR>
     <TEXT>Please select records!</TEXT>
    </item>
    <item>
     <SPRSL>E</SPRSL>
     <MSGNR>046</MSGNR>
     <TEXT>User locked successfully</TEXT>
    </item>
    <item>
     <SPRSL>E</SPRSL>
     <MSGNR>047</MSGNR>
     <TEXT>User unlocked successfully</TEXT>
    </item>
    <item>
     <SPRSL>E</SPRSL>
     <MSGNR>048</MSGNR>
     <TEXT>Password has been set inital successfully</TEXT>
    </item>
    <item>
     <SPRSL>E</SPRSL>
     <MSGNR>049</MSGNR>
     <TEXT>Please select file</TEXT>
    </item>
    <item>
     <SPRSL>E</SPRSL>
     <MSGNR>050</MSGNR>
     <TEXT>Encode password fail， the reason is &amp;1.</TEXT>
    </item>
    <item>
     <SPRSL>E</SPRSL>
     <MSGNR>051</MSGNR>
     <TEXT>Password is wrong, please retry!</TEXT>
    </item>
    <item>
     <SPRSL>E</SPRSL>
     <MSGNR>052</MSGNR>
     <TEXT>Old password is wrong, please retry!</TEXT>
    </item>
    <item>
     <SPRSL>E</SPRSL>
     <MSGNR>053</MSGNR>
     <TEXT>Password changed successfully, please use new password to login</TEXT>
    </item>
   </T100_TEXTS>
  </asx:values>
 </asx:abap>
</abapGit>
