﻿<?xml version="1.0" encoding="utf-8"?>
<abapGit version="v1.0.0" serializer="LCL_OBJECT_VCLS" serializer_version="v1.0.0">
 <asx:abap xmlns:asx="http://www.sap.com/abapxml" version="1.0">
  <asx:values>
   <VCLDIR>
    <VCLNAME>YBC_SWS_SPRO</VCLNAME>
    <TEXT>SwiftSAP 配置</TEXT>
   </VCLDIR>
   <VLCSTRUC_TAB>
    <V_VCLSTRUC>
     <VCLNAME>YBC_SWS_SPRO</VCLNAME>
     <OBJECT>YBC_SWS_APP</OBJECT>
     <OBJECTTEXT>SwiftSAP 应用</OBJECTTEXT>
     <PREDOBJECT>YBC_SWS_APP</PREDOBJECT>
     <DEPENDENCY>R</DEPENDENCY>
     <OBJPOS>01</OBJPOS>
     <OBJLEVEL>01</OBJLEVEL>
     <STARTOBJ>X</STARTOBJ>
    </V_VCLSTRUC>
    <V_VCLSTRUC>
     <VCLNAME>YBC_SWS_SPRO</VCLNAME>
     <OBJECT>YBC_SWS_APP_CNFG</OBJECT>
     <OBJECTTEXT>应用配置</OBJECTTEXT>
     <PREDOBJECT>YBC_SWS_APP</PREDOBJECT>
     <DEPENDENCY>S</DEPENDENCY>
     <OBJPOS>02</OBJPOS>
     <OBJLEVEL>02</OBJLEVEL>
    </V_VCLSTRUC>
    <V_VCLSTRUC>
     <VCLNAME>YBC_SWS_SPRO</VCLNAME>
     <OBJECT>YBC_SWS_APP_ACT</OBJECT>
     <OBJECTTEXT>应用操作</OBJECTTEXT>
     <PREDOBJECT>YBC_SWS_APP</PREDOBJECT>
     <DEPENDENCY>S</DEPENDENCY>
     <OBJPOS>03</OBJPOS>
     <OBJLEVEL>02</OBJLEVEL>
    </V_VCLSTRUC>
    <V_VCLSTRUC>
     <VCLNAME>YBC_SWS_SPRO</VCLNAME>
     <OBJECT>YBC_SWS_TEMPL</OBJECT>
     <OBJECTTEXT>SwiftSAP 应用模板</OBJECTTEXT>
     <PREDOBJECT>YBC_SWS_TEMPL</PREDOBJECT>
     <DEPENDENCY>R</DEPENDENCY>
     <OBJPOS>04</OBJPOS>
     <OBJLEVEL>01</OBJLEVEL>
    </V_VCLSTRUC>
    <V_VCLSTRUC>
     <VCLNAME>YBC_SWS_SPRO</VCLNAME>
     <OBJECT>YBC_SWS_TEMPL_H</OBJECT>
     <OBJECTTEXT>SwiftSAP 应用模板抬头</OBJECTTEXT>
     <PREDOBJECT>YBC_SWS_TEMPL</PREDOBJECT>
     <DEPENDENCY>S</DEPENDENCY>
     <OBJPOS>05</OBJPOS>
     <OBJLEVEL>02</OBJLEVEL>
    </V_VCLSTRUC>
    <V_VCLSTRUC>
     <VCLNAME>YBC_SWS_SPRO</VCLNAME>
     <OBJECT>YBC_SWS_TEMPL_I</OBJECT>
     <OBJECTTEXT>SwiftSAP 应用模板行项目</OBJECTTEXT>
     <PREDOBJECT>YBC_SWS_TEMPL_H</PREDOBJECT>
     <DEPENDENCY>S</DEPENDENCY>
     <OBJPOS>06</OBJPOS>
     <OBJLEVEL>03</OBJLEVEL>
    </V_VCLSTRUC>
    <V_VCLSTRUC>
     <VCLNAME>YBC_SWS_SPRO</VCLNAME>
     <OBJECT>YBC_SWS_WF</OBJECT>
     <OBJECTTEXT>SwiftSAP 审批配置</OBJECTTEXT>
     <PREDOBJECT>YBC_SWS_WF</PREDOBJECT>
     <DEPENDENCY>R</DEPENDENCY>
     <OBJPOS>07</OBJPOS>
     <OBJLEVEL>01</OBJLEVEL>
    </V_VCLSTRUC>
    <V_VCLSTRUC>
     <VCLNAME>YBC_SWS_SPRO</VCLNAME>
     <OBJECT>YBC_SWS_WF_01</OBJECT>
     <OBJECTTEXT>简单通用审批配置</OBJECTTEXT>
     <PREDOBJECT>YBC_SWS_WF</PREDOBJECT>
     <DEPENDENCY>S</DEPENDENCY>
     <OBJPOS>08</OBJPOS>
     <OBJLEVEL>02</OBJLEVEL>
    </V_VCLSTRUC>
    <V_VCLSTRUC>
     <VCLNAME>YBC_SWS_SPRO</VCLNAME>
     <OBJECT>YBC_SWS_WF_CND</OBJECT>
     <OBJECTTEXT>审批条件</OBJECTTEXT>
     <PREDOBJECT>YBC_SWS_WF</PREDOBJECT>
     <DEPENDENCY>S</DEPENDENCY>
     <OBJPOS>09</OBJPOS>
     <OBJLEVEL>02</OBJLEVEL>
    </V_VCLSTRUC>
    <V_VCLSTRUC>
     <VCLNAME>YBC_SWS_SPRO</VCLNAME>
     <OBJECT>YBC_SWS_CONTR</OBJECT>
     <OBJECTTEXT>SwiftSAP 应用控制参数</OBJECTTEXT>
     <PREDOBJECT>YBC_SWS_CONTR</PREDOBJECT>
     <DEPENDENCY>R</DEPENDENCY>
     <OBJPOS>10</OBJPOS>
     <OBJLEVEL>01</OBJLEVEL>
    </V_VCLSTRUC>
   </VLCSTRUC_TAB>
   <VCLSTRUDEP_TAB>
    <V_VCLSTDEP>
     <VCLNAME>YBC_SWS_SPRO</VCLNAME>
     <OBJECT>YBC_SWS_APP</OBJECT>
     <PREDOBJECT>YBC_SWS_APP</PREDOBJECT>
    </V_VCLSTDEP>
    <V_VCLSTDEP>
     <VCLNAME>YBC_SWS_SPRO</VCLNAME>
     <OBJECT>YBC_SWS_APP_ACT</OBJECT>
     <OBJFIELD>APPID</OBJFIELD>
     <PREDOBJECT>YBC_SWS_APP</PREDOBJECT>
     <PREDFIELD>APPID</PREDFIELD>
    </V_VCLSTDEP>
    <V_VCLSTDEP>
     <VCLNAME>YBC_SWS_SPRO</VCLNAME>
     <OBJECT>YBC_SWS_APP_CNFG</OBJECT>
     <OBJFIELD>APPID</OBJFIELD>
     <PREDOBJECT>YBC_SWS_APP</PREDOBJECT>
     <PREDFIELD>APPID</PREDFIELD>
    </V_VCLSTDEP>
    <V_VCLSTDEP>
     <VCLNAME>YBC_SWS_SPRO</VCLNAME>
     <OBJECT>YBC_SWS_CONTR</OBJECT>
     <PREDOBJECT>YBC_SWS_CONTR</PREDOBJECT>
    </V_VCLSTDEP>
    <V_VCLSTDEP>
     <VCLNAME>YBC_SWS_SPRO</VCLNAME>
     <OBJECT>YBC_SWS_TEMPL</OBJECT>
     <PREDOBJECT>YBC_SWS_TEMPL</PREDOBJECT>
    </V_VCLSTDEP>
    <V_VCLSTDEP>
     <VCLNAME>YBC_SWS_SPRO</VCLNAME>
     <OBJECT>YBC_SWS_TEMPL_H</OBJECT>
     <OBJFIELD>LANGUAGE</OBJFIELD>
     <PREDOBJECT>YBC_SWS_TEMPL</PREDOBJECT>
     <PREDFIELD>LANGUAGE</PREDFIELD>
    </V_VCLSTDEP>
    <V_VCLSTDEP>
     <VCLNAME>YBC_SWS_SPRO</VCLNAME>
     <OBJECT>YBC_SWS_TEMPL_H</OBJECT>
     <OBJFIELD>TEMPLATE</OBJFIELD>
     <PREDOBJECT>YBC_SWS_TEMPL</PREDOBJECT>
     <PREDFIELD>TEMPLATE</PREDFIELD>
    </V_VCLSTDEP>
    <V_VCLSTDEP>
     <VCLNAME>YBC_SWS_SPRO</VCLNAME>
     <OBJECT>YBC_SWS_TEMPL_I</OBJECT>
     <OBJFIELD>HEADERNO</OBJFIELD>
     <PREDOBJECT>YBC_SWS_TEMPL_H</PREDOBJECT>
     <PREDFIELD>HEADERNO</PREDFIELD>
    </V_VCLSTDEP>
    <V_VCLSTDEP>
     <VCLNAME>YBC_SWS_SPRO</VCLNAME>
     <OBJECT>YBC_SWS_TEMPL_I</OBJECT>
     <OBJFIELD>LANGUAGE</OBJFIELD>
     <PREDOBJECT>YBC_SWS_TEMPL_H</PREDOBJECT>
     <PREDFIELD>LANGUAGE</PREDFIELD>
    </V_VCLSTDEP>
    <V_VCLSTDEP>
     <VCLNAME>YBC_SWS_SPRO</VCLNAME>
     <OBJECT>YBC_SWS_TEMPL_I</OBJECT>
     <OBJFIELD>TEMPLATE</OBJFIELD>
     <PREDOBJECT>YBC_SWS_TEMPL_H</PREDOBJECT>
     <PREDFIELD>TEMPLATE</PREDFIELD>
    </V_VCLSTDEP>
    <V_VCLSTDEP>
     <VCLNAME>YBC_SWS_SPRO</VCLNAME>
     <OBJECT>YBC_SWS_WF</OBJECT>
     <PREDOBJECT>YBC_SWS_WF</PREDOBJECT>
    </V_VCLSTDEP>
    <V_VCLSTDEP>
     <VCLNAME>YBC_SWS_SPRO</VCLNAME>
     <OBJECT>YBC_SWS_WF_01</OBJECT>
     <OBJFIELD>WFCONFID</OBJFIELD>
     <PREDOBJECT>YBC_SWS_WF</PREDOBJECT>
     <PREDFIELD>WFCONFID</PREDFIELD>
    </V_VCLSTDEP>
    <V_VCLSTDEP>
     <VCLNAME>YBC_SWS_SPRO</VCLNAME>
     <OBJECT>YBC_SWS_WF_CND</OBJECT>
     <OBJFIELD>WFCONFID</OBJFIELD>
     <PREDOBJECT>YBC_SWS_WF</PREDOBJECT>
     <PREDFIELD>WFCONFID</PREDFIELD>
    </V_VCLSTDEP>
   </VCLSTRUDEP_TAB>
  </asx:values>
 </asx:abap>
</abapGit>
