﻿<?xml version="1.0" encoding="utf-8"?>
<abapGit version="v1.0.0" serializer="LCL_OBJECT_DTEL" serializer_version="v1.0.0">
 <asx:abap xmlns:asx="http://www.sap.com/abapxml" version="1.0">
  <asx:values>
   <DD04V>
    <ROLLNAME>YBC_SWS_SAPID</ROLLNAME>
    <DDLANGUAGE>1</DDLANGUAGE>
    <DOMNAME>BNAME</DOMNAME>
    <HEADLEN>12</HEADLEN>
    <SCRLEN1>10</SCRLEN1>
    <SCRLEN2>20</SCRLEN2>
    <SCRLEN3>40</SCRLEN3>
    <DDTEXT>SAP账号ID</DDTEXT>
    <REPTEXT>SAP账号ID</REPTEXT>
    <SCRTEXT_S>SAP账号ID</SCRTEXT_S>
    <SCRTEXT_M>SAP账号ID</SCRTEXT_M>
    <SCRTEXT_L>SAP账号ID</SCRTEXT_L>
    <DTELMASTER>1</DTELMASTER>
    <REFKIND>D</REFKIND>
   </DD04V>
  </asx:values>
 </asx:abap>
</abapGit>
