﻿<?xml version="1.0" encoding="utf-8"?>
<abapGit version="v1.0.0" serializer="LCL_OBJECT_W3MI" serializer_version="v2.0.0">
 <asx:abap xmlns:asx="http://www.sap.com/abapxml" version="1.0">
  <asx:values>
   <NAME>YBC_SWS_USER_IMPORT</NAME>
   <TEXT>外部用户导入模板</TEXT>
   <PARAMS>
    <WWWPARAMS>
     <RELID>MI</RELID>
     <OBJID>YBC_SWS_USER_IMPORT</OBJID>
     <NAME>filename</NAME>
     <VALUE>User_Import.xlsx</VALUE>
    </WWWPARAMS>
    <WWWPARAMS>
     <RELID>MI</RELID>
     <OBJID>YBC_SWS_USER_IMPORT</OBJID>
     <NAME>mimetype</NAME>
     <VALUE>xls/xlsx</VALUE>
    </WWWPARAMS>
    <WWWPARAMS>
     <RELID>MI</RELID>
     <OBJID>YBC_SWS_USER_IMPORT</OBJID>
     <NAME>fileextension</NAME>
     <VALUE>.xlsx</VALUE>
    </WWWPARAMS>
   </PARAMS>
  </asx:values>
 </asx:abap>
</abapGit>
