﻿<?xml version="1.0" encoding="utf-8"?>
<abapGit version="v1.0.0" serializer="LCL_OBJECT_DOMA" serializer_version="v1.0.0">
 <asx:abap xmlns:asx="http://www.sap.com/abapxml" version="1.0">
  <asx:values>
   <DD01V>
    <DOMNAME>YBCD_SWS_ANDOR</DOMNAME>
    <DDLANGUAGE>1</DDLANGUAGE>
    <DATATYPE>CHAR</DATATYPE>
    <LENG>000005</LENG>
    <OUTPUTLEN>000005</OUTPUTLEN>
    <VALEXI>X</VALEXI>
    <DDTEXT>AndOr</DDTEXT>
   </DD01V>
   <DD07V_TAB>
    <DD07V>
     <DOMNAME>YBCD_SWS_ANDOR</DOMNAME>
     <VALPOS>0001</VALPOS>
     <DDLANGUAGE>1</DDLANGUAGE>
     <DOMVALUE_L>AND</DOMVALUE_L>
     <DDTEXT>And</DDTEXT>
    </DD07V>
    <DD07V>
     <DOMNAME>YBCD_SWS_ANDOR</DOMNAME>
     <VALPOS>0002</VALPOS>
     <DDLANGUAGE>1</DDLANGUAGE>
     <DOMVALUE_L>OR</DOMVALUE_L>
     <DDTEXT>Or</DDTEXT>
    </DD07V>
    <DD07V>
     <DOMNAME>YBCD_SWS_ANDOR</DOMNAME>
     <VALPOS>0003</VALPOS>
     <DDLANGUAGE>1</DDLANGUAGE>
     <DOMVALUE_L>AND (</DOMVALUE_L>
     <DDTEXT>And (</DDTEXT>
    </DD07V>
    <DD07V>
     <DOMNAME>YBCD_SWS_ANDOR</DOMNAME>
     <VALPOS>0004</VALPOS>
     <DDLANGUAGE>1</DDLANGUAGE>
     <DOMVALUE_L>OR )</DOMVALUE_L>
     <DDTEXT>OR )</DDTEXT>
    </DD07V>
    <DD07V>
     <DOMNAME>YBCD_SWS_ANDOR</DOMNAME>
     <VALPOS>0005</VALPOS>
     <DDLANGUAGE>1</DDLANGUAGE>
     <DDTEXT>And</DDTEXT>
    </DD07V>
   </DD07V_TAB>
  </asx:values>
 </asx:abap>
</abapGit>
