﻿<?xml version="1.0" encoding="utf-8"?>
<abapGit version="v1.0.0" serializer="LCL_OBJECT_DOMA" serializer_version="v1.0.0">
 <asx:abap xmlns:asx="http://www.sap.com/abapxml" version="1.0">
  <asx:values>
   <DD01V>
    <DOMNAME>YBCD_SWS_FORMAT</DOMNAME>
    <DDLANGUAGE>1</DDLANGUAGE>
    <DATATYPE>CHAR</DATATYPE>
    <LENG>000002</LENG>
    <OUTPUTLEN>000002</OUTPUTLEN>
    <VALEXI>X</VALEXI>
    <DDTEXT>数据格式</DDTEXT>
   </DD01V>
   <DD07V_TAB>
    <DD07V>
     <DOMNAME>YBCD_SWS_FORMAT</DOMNAME>
     <VALPOS>0001</VALPOS>
     <DDLANGUAGE>1</DDLANGUAGE>
     <DOMVALUE_L>01</DOMVALUE_L>
     <DDTEXT>日期</DDTEXT>
    </DD07V>
    <DD07V>
     <DOMNAME>YBCD_SWS_FORMAT</DOMNAME>
     <VALPOS>0002</VALPOS>
     <DDLANGUAGE>1</DDLANGUAGE>
     <DOMVALUE_L>02</DOMVALUE_L>
     <DDTEXT>时间</DDTEXT>
    </DD07V>
    <DD07V>
     <DOMNAME>YBCD_SWS_FORMAT</DOMNAME>
     <VALPOS>0003</VALPOS>
     <DDLANGUAGE>1</DDLANGUAGE>
     <DOMVALUE_L>03</DOMVALUE_L>
     <DDTEXT>日期时间</DDTEXT>
    </DD07V>
    <DD07V>
     <DOMNAME>YBCD_SWS_FORMAT</DOMNAME>
     <VALPOS>0004</VALPOS>
     <DDLANGUAGE>1</DDLANGUAGE>
     <DOMVALUE_L>04</DOMVALUE_L>
     <DDTEXT>数字0位小数</DDTEXT>
    </DD07V>
    <DD07V>
     <DOMNAME>YBCD_SWS_FORMAT</DOMNAME>
     <VALPOS>0005</VALPOS>
     <DDLANGUAGE>1</DDLANGUAGE>
     <DOMVALUE_L>05</DOMVALUE_L>
     <DDTEXT>数字1位小数</DDTEXT>
    </DD07V>
    <DD07V>
     <DOMNAME>YBCD_SWS_FORMAT</DOMNAME>
     <VALPOS>0006</VALPOS>
     <DDLANGUAGE>1</DDLANGUAGE>
     <DOMVALUE_L>06</DOMVALUE_L>
     <DDTEXT>数字2位小数</DDTEXT>
    </DD07V>
    <DD07V>
     <DOMNAME>YBCD_SWS_FORMAT</DOMNAME>
     <VALPOS>0007</VALPOS>
     <DDLANGUAGE>1</DDLANGUAGE>
     <DOMVALUE_L>07</DOMVALUE_L>
     <DDTEXT>数字3位小数</DDTEXT>
    </DD07V>
    <DD07V>
     <DOMNAME>YBCD_SWS_FORMAT</DOMNAME>
     <VALPOS>0008</VALPOS>
     <DDLANGUAGE>1</DDLANGUAGE>
     <DOMVALUE_L>08</DOMVALUE_L>
     <DDTEXT>数字4位小数</DDTEXT>
    </DD07V>
    <DD07V>
     <DOMNAME>YBCD_SWS_FORMAT</DOMNAME>
     <VALPOS>0009</VALPOS>
     <DDLANGUAGE>1</DDLANGUAGE>
     <DOMVALUE_L>09</DOMVALUE_L>
     <DDTEXT>内外部转换</DDTEXT>
    </DD07V>
    <DD07V>
     <DOMNAME>YBCD_SWS_FORMAT</DOMNAME>
     <VALPOS>0010</VALPOS>
     <DDLANGUAGE>1</DDLANGUAGE>
     <DOMVALUE_L>10</DOMVALUE_L>
     <DDTEXT>去前导零</DDTEXT>
    </DD07V>
    <DD07V>
     <DOMNAME>YBCD_SWS_FORMAT</DOMNAME>
     <VALPOS>0011</VALPOS>
     <DDLANGUAGE>1</DDLANGUAGE>
     <DDTEXT>字符</DDTEXT>
    </DD07V>
   </DD07V_TAB>
  </asx:values>
 </asx:abap>
</abapGit>
