﻿<?xml version="1.0" encoding="utf-8"?>
<abapGit version="v1.0.0" serializer="LCL_OBJECT_TABL" serializer_version="v1.0.0">
 <asx:abap xmlns:asx="http://www.sap.com/abapxml" version="1.0">
  <asx:values>
   <DD02V>
    <TABNAME>YBCS_SWS_USER</TABNAME>
    <DDLANGUAGE>1</DDLANGUAGE>
    <TABCLASS>INTTAB</TABCLASS>
    <DDTEXT>SwiftSAP User Structure</DDTEXT>
   </DD02V>
   <DD03P_TABLE>
    <DD03P>
     <TABNAME>YBCS_SWS_USER</TABNAME>
     <FIELDNAME>USERID</FIELDNAME>
     <DDLANGUAGE>1</DDLANGUAGE>
     <POSITION>0001</POSITION>
     <ADMINFIELD>0</ADMINFIELD>
     <INTTYPE>g</INTTYPE>
     <INTLEN>000008</INTLEN>
     <DATATYPE>STRG</DATATYPE>
     <MASK>  STRG</MASK>
     <DDTEXT>ID</DDTEXT>
    </DD03P>
    <DD03P>
     <TABNAME>YBCS_SWS_USER</TABNAME>
     <FIELDNAME>EXTUSID</FIELDNAME>
     <DDLANGUAGE>1</DDLANGUAGE>
     <POSITION>0002</POSITION>
     <ADMINFIELD>0</ADMINFIELD>
     <INTTYPE>g</INTTYPE>
     <INTLEN>000008</INTLEN>
     <DATATYPE>STRG</DATATYPE>
     <MASK>  STRG</MASK>
     <DDTEXT>External User ID</DDTEXT>
    </DD03P>
    <DD03P>
     <TABNAME>YBCS_SWS_USER</TABNAME>
     <FIELDNAME>SAPID</FIELDNAME>
     <DDLANGUAGE>1</DDLANGUAGE>
     <POSITION>0003</POSITION>
     <ADMINFIELD>0</ADMINFIELD>
     <INTTYPE>g</INTTYPE>
     <INTLEN>000008</INTLEN>
     <DATATYPE>STRG</DATATYPE>
     <MASK>  STRG</MASK>
     <DDTEXT>SAP User ID</DDTEXT>
    </DD03P>
    <DD03P>
     <TABNAME>YBCS_SWS_USER</TABNAME>
     <FIELDNAME>USERTY</FIELDNAME>
     <DDLANGUAGE>1</DDLANGUAGE>
     <POSITION>0004</POSITION>
     <ADMINFIELD>0</ADMINFIELD>
     <INTTYPE>g</INTTYPE>
     <INTLEN>000008</INTLEN>
     <DATATYPE>STRG</DATATYPE>
     <MASK>  STRG</MASK>
     <DDTEXT>User Type</DDTEXT>
    </DD03P>
    <DD03P>
     <TABNAME>YBCS_SWS_USER</TABNAME>
     <FIELDNAME>EMAIL</FIELDNAME>
     <DDLANGUAGE>1</DDLANGUAGE>
     <POSITION>0005</POSITION>
     <ADMINFIELD>0</ADMINFIELD>
     <INTTYPE>g</INTTYPE>
     <INTLEN>000008</INTLEN>
     <DATATYPE>STRG</DATATYPE>
     <MASK>  STRG</MASK>
     <DDTEXT>Email</DDTEXT>
    </DD03P>
    <DD03P>
     <TABNAME>YBCS_SWS_USER</TABNAME>
     <FIELDNAME>TEL</FIELDNAME>
     <DDLANGUAGE>1</DDLANGUAGE>
     <POSITION>0006</POSITION>
     <ADMINFIELD>0</ADMINFIELD>
     <INTTYPE>g</INTTYPE>
     <INTLEN>000008</INTLEN>
     <DATATYPE>STRG</DATATYPE>
     <MASK>  STRG</MASK>
     <DDTEXT>Tel</DDTEXT>
    </DD03P>
    <DD03P>
     <TABNAME>YBCS_SWS_USER</TABNAME>
     <FIELDNAME>WECHAT</FIELDNAME>
     <DDLANGUAGE>1</DDLANGUAGE>
     <POSITION>0007</POSITION>
     <ADMINFIELD>0</ADMINFIELD>
     <INTTYPE>g</INTTYPE>
     <INTLEN>000008</INTLEN>
     <DATATYPE>STRG</DATATYPE>
     <MASK>  STRG</MASK>
     <DDTEXT>Wchat ID</DDTEXT>
    </DD03P>
    <DD03P>
     <TABNAME>YBCS_SWS_USER</TABNAME>
     <FIELDNAME>NAME1</FIELDNAME>
     <DDLANGUAGE>1</DDLANGUAGE>
     <POSITION>0008</POSITION>
     <ADMINFIELD>0</ADMINFIELD>
     <INTTYPE>g</INTTYPE>
     <INTLEN>000008</INTLEN>
     <DATATYPE>STRG</DATATYPE>
     <MASK>  STRG</MASK>
     <DDTEXT>Chinese Name</DDTEXT>
    </DD03P>
    <DD03P>
     <TABNAME>YBCS_SWS_USER</TABNAME>
     <FIELDNAME>NAME2</FIELDNAME>
     <DDLANGUAGE>1</DDLANGUAGE>
     <POSITION>0009</POSITION>
     <ADMINFIELD>0</ADMINFIELD>
     <INTTYPE>g</INTTYPE>
     <INTLEN>000008</INTLEN>
     <DATATYPE>STRG</DATATYPE>
     <MASK>  STRG</MASK>
     <DDTEXT>English Name</DDTEXT>
    </DD03P>
    <DD03P>
     <TABNAME>YBCS_SWS_USER</TABNAME>
     <FIELDNAME>NAME3</FIELDNAME>
     <DDLANGUAGE>1</DDLANGUAGE>
     <POSITION>0010</POSITION>
     <ADMINFIELD>0</ADMINFIELD>
     <INTTYPE>g</INTTYPE>
     <INTLEN>000008</INTLEN>
     <DATATYPE>STRG</DATATYPE>
     <MASK>  STRG</MASK>
     <DDTEXT>Name3</DDTEXT>
    </DD03P>
    <DD03P>
     <TABNAME>YBCS_SWS_USER</TABNAME>
     <FIELDNAME>FIELD1</FIELDNAME>
     <DDLANGUAGE>1</DDLANGUAGE>
     <POSITION>0011</POSITION>
     <ADMINFIELD>0</ADMINFIELD>
     <INTTYPE>g</INTTYPE>
     <INTLEN>000008</INTLEN>
     <DATATYPE>STRG</DATATYPE>
     <MASK>  STRG</MASK>
     <DDTEXT>Field1</DDTEXT>
    </DD03P>
    <DD03P>
     <TABNAME>YBCS_SWS_USER</TABNAME>
     <FIELDNAME>FIELD2</FIELDNAME>
     <DDLANGUAGE>1</DDLANGUAGE>
     <POSITION>0012</POSITION>
     <ADMINFIELD>0</ADMINFIELD>
     <INTTYPE>g</INTTYPE>
     <INTLEN>000008</INTLEN>
     <DATATYPE>STRG</DATATYPE>
     <MASK>  STRG</MASK>
     <DDTEXT>Field2</DDTEXT>
    </DD03P>
    <DD03P>
     <TABNAME>YBCS_SWS_USER</TABNAME>
     <FIELDNAME>FIELD3</FIELDNAME>
     <DDLANGUAGE>1</DDLANGUAGE>
     <POSITION>0013</POSITION>
     <ADMINFIELD>0</ADMINFIELD>
     <INTTYPE>g</INTTYPE>
     <INTLEN>000008</INTLEN>
     <DATATYPE>STRG</DATATYPE>
     <MASK>  STRG</MASK>
     <DDTEXT>Field3</DDTEXT>
    </DD03P>
    <DD03P>
     <TABNAME>YBCS_SWS_USER</TABNAME>
     <FIELDNAME>SUBCATEGORIES</FIELDNAME>
     <DDLANGUAGE>1</DDLANGUAGE>
     <POSITION>0014</POSITION>
     <ADMINFIELD>0</ADMINFIELD>
     <INTTYPE>g</INTTYPE>
     <INTLEN>000008</INTLEN>
     <DATATYPE>STRG</DATATYPE>
     <MASK>  STRG</MASK>
     <DDTEXT>Sub Categories</DDTEXT>
    </DD03P>
    <DD03P>
     <TABNAME>YBCS_SWS_USER</TABNAME>
     <FIELDNAME>SWIFTSAPHOST</FIELDNAME>
     <DDLANGUAGE>1</DDLANGUAGE>
     <POSITION>0015</POSITION>
     <ADMINFIELD>0</ADMINFIELD>
     <INTTYPE>g</INTTYPE>
     <INTLEN>000008</INTLEN>
     <DATATYPE>STRG</DATATYPE>
     <MASK>  STRG</MASK>
     <DDTEXT>SwiftSAP Host Address</DDTEXT>
    </DD03P>
    <DD03P>
     <TABNAME>YBCS_SWS_USER</TABNAME>
     <FIELDNAME>PASSWORD</FIELDNAME>
     <DDLANGUAGE>1</DDLANGUAGE>
     <POSITION>0016</POSITION>
     <ADMINFIELD>0</ADMINFIELD>
     <INTTYPE>g</INTTYPE>
     <INTLEN>000008</INTLEN>
     <DATATYPE>STRG</DATATYPE>
     <MASK>  STRG</MASK>
     <DDTEXT>Password</DDTEXT>
    </DD03P>
    <DD03P>
     <TABNAME>YBCS_SWS_USER</TABNAME>
     <FIELDNAME>PWD_INIT</FIELDNAME>
     <DDLANGUAGE>1</DDLANGUAGE>
     <POSITION>0017</POSITION>
     <ADMINFIELD>0</ADMINFIELD>
     <INTTYPE>g</INTTYPE>
     <INTLEN>000008</INTLEN>
     <DATATYPE>STRG</DATATYPE>
     <MASK>  STRG</MASK>
     <DDTEXT>Init Password Flag</DDTEXT>
    </DD03P>
    <DD03P>
     <TABNAME>YBCS_SWS_USER</TABNAME>
     <FIELDNAME>INACTIVE</FIELDNAME>
     <DDLANGUAGE>1</DDLANGUAGE>
     <POSITION>0018</POSITION>
     <ADMINFIELD>0</ADMINFIELD>
     <INTTYPE>g</INTTYPE>
     <INTLEN>000008</INTLEN>
     <DATATYPE>STRG</DATATYPE>
     <MASK>  STRG</MASK>
     <DDTEXT>Inactive</DDTEXT>
    </DD03P>
    <DD03P>
     <TABNAME>YBCS_SWS_USER</TABNAME>
     <FIELDNAME>MSGTY</FIELDNAME>
     <DDLANGUAGE>1</DDLANGUAGE>
     <POSITION>0019</POSITION>
     <ADMINFIELD>0</ADMINFIELD>
     <INTTYPE>g</INTTYPE>
     <INTLEN>000008</INTLEN>
     <DATATYPE>STRG</DATATYPE>
     <MASK>  STRG</MASK>
     <DDTEXT>Message Type</DDTEXT>
    </DD03P>
    <DD03P>
     <TABNAME>YBCS_SWS_USER</TABNAME>
     <FIELDNAME>MESSAGE</FIELDNAME>
     <DDLANGUAGE>1</DDLANGUAGE>
     <POSITION>0020</POSITION>
     <ADMINFIELD>0</ADMINFIELD>
     <INTTYPE>g</INTTYPE>
     <INTLEN>000008</INTLEN>
     <DATATYPE>STRG</DATATYPE>
     <MASK>  STRG</MASK>
     <DDTEXT>Message</DDTEXT>
    </DD03P>
   </DD03P_TABLE>
  </asx:values>
 </asx:abap>
</abapGit>
