﻿<?xml version="1.0" encoding="utf-8"?>
<abapGit version="v1.0.0" serializer="LCL_OBJECT_TABL" serializer_version="v1.0.0">
 <asx:abap xmlns:asx="http://www.sap.com/abapxml" version="1.0">
  <asx:values>
   <DD02V>
    <TABNAME>YBCS_SWS_ATTACH</TABNAME>
    <DDLANGUAGE>1</DDLANGUAGE>
    <TABCLASS>INTTAB</TABCLASS>
    <DDTEXT>附件结构</DDTEXT>
   </DD02V>
   <DD03P_TABLE>
    <DD03P>
     <TABNAME>YBCS_SWS_ATTACH</TABNAME>
     <FIELDNAME>ATTACHID</FIELDNAME>
     <DDLANGUAGE>1</DDLANGUAGE>
     <POSITION>0001</POSITION>
     <ADMINFIELD>0</ADMINFIELD>
     <INTTYPE>g</INTTYPE>
     <INTLEN>000008</INTLEN>
     <DATATYPE>STRG</DATATYPE>
     <MASK>  STRG</MASK>
    </DD03P>
    <DD03P>
     <TABNAME>YBCS_SWS_ATTACH</TABNAME>
     <FIELDNAME>REQUESTID</FIELDNAME>
     <DDLANGUAGE>1</DDLANGUAGE>
     <POSITION>0002</POSITION>
     <ADMINFIELD>0</ADMINFIELD>
     <INTTYPE>g</INTTYPE>
     <INTLEN>000008</INTLEN>
     <DATATYPE>STRG</DATATYPE>
     <MASK>  STRG</MASK>
    </DD03P>
    <DD03P>
     <TABNAME>YBCS_SWS_ATTACH</TABNAME>
     <FIELDNAME>ORIGIN</FIELDNAME>
     <DDLANGUAGE>1</DDLANGUAGE>
     <POSITION>0003</POSITION>
     <ADMINFIELD>0</ADMINFIELD>
     <INTTYPE>g</INTTYPE>
     <INTLEN>000008</INTLEN>
     <DATATYPE>STRG</DATATYPE>
     <MASK>  STRG</MASK>
    </DD03P>
    <DD03P>
     <TABNAME>YBCS_SWS_ATTACH</TABNAME>
     <FIELDNAME>FILENAME</FIELDNAME>
     <DDLANGUAGE>1</DDLANGUAGE>
     <POSITION>0004</POSITION>
     <ADMINFIELD>0</ADMINFIELD>
     <INTTYPE>g</INTTYPE>
     <INTLEN>000008</INTLEN>
     <DATATYPE>STRG</DATATYPE>
     <MASK>  STRG</MASK>
    </DD03P>
    <DD03P>
     <TABNAME>YBCS_SWS_ATTACH</TABNAME>
     <FIELDNAME>FILETYPE</FIELDNAME>
     <DDLANGUAGE>1</DDLANGUAGE>
     <POSITION>0005</POSITION>
     <ADMINFIELD>0</ADMINFIELD>
     <INTTYPE>g</INTTYPE>
     <INTLEN>000008</INTLEN>
     <DATATYPE>STRG</DATATYPE>
     <MASK>  STRG</MASK>
    </DD03P>
    <DD03P>
     <TABNAME>YBCS_SWS_ATTACH</TABNAME>
     <FIELDNAME>FILESIZE</FIELDNAME>
     <DDLANGUAGE>1</DDLANGUAGE>
     <POSITION>0006</POSITION>
     <ADMINFIELD>0</ADMINFIELD>
     <INTTYPE>g</INTTYPE>
     <INTLEN>000008</INTLEN>
     <DATATYPE>STRG</DATATYPE>
     <MASK>  STRG</MASK>
    </DD03P>
    <DD03P>
     <TABNAME>YBCS_SWS_ATTACH</TABNAME>
     <FIELDNAME>MIMETYPE</FIELDNAME>
     <DDLANGUAGE>1</DDLANGUAGE>
     <POSITION>0007</POSITION>
     <ADMINFIELD>0</ADMINFIELD>
     <INTTYPE>g</INTTYPE>
     <INTLEN>000008</INTLEN>
     <DATATYPE>STRG</DATATYPE>
     <MASK>  STRG</MASK>
    </DD03P>
    <DD03P>
     <TABNAME>YBCS_SWS_ATTACH</TABNAME>
     <FIELDNAME>UPLOADDT</FIELDNAME>
     <DDLANGUAGE>1</DDLANGUAGE>
     <POSITION>0008</POSITION>
     <ADMINFIELD>0</ADMINFIELD>
     <INTTYPE>g</INTTYPE>
     <INTLEN>000008</INTLEN>
     <DATATYPE>STRG</DATATYPE>
     <MASK>  STRG</MASK>
    </DD03P>
    <DD03P>
     <TABNAME>YBCS_SWS_ATTACH</TABNAME>
     <FIELDNAME>USERID</FIELDNAME>
     <DDLANGUAGE>1</DDLANGUAGE>
     <POSITION>0009</POSITION>
     <ADMINFIELD>0</ADMINFIELD>
     <INTTYPE>g</INTTYPE>
     <INTLEN>000008</INTLEN>
     <DATATYPE>STRG</DATATYPE>
     <MASK>  STRG</MASK>
    </DD03P>
    <DD03P>
     <TABNAME>YBCS_SWS_ATTACH</TABNAME>
     <FIELDNAME>USERNAME</FIELDNAME>
     <DDLANGUAGE>1</DDLANGUAGE>
     <POSITION>0010</POSITION>
     <ADMINFIELD>0</ADMINFIELD>
     <INTTYPE>g</INTTYPE>
     <INTLEN>000008</INTLEN>
     <DATATYPE>STRG</DATATYPE>
     <MASK>  STRG</MASK>
    </DD03P>
    <DD03P>
     <TABNAME>YBCS_SWS_ATTACH</TABNAME>
     <FIELDNAME>URL</FIELDNAME>
     <DDLANGUAGE>1</DDLANGUAGE>
     <POSITION>0011</POSITION>
     <ADMINFIELD>0</ADMINFIELD>
     <INTTYPE>g</INTTYPE>
     <INTLEN>000008</INTLEN>
     <DATATYPE>STRG</DATATYPE>
     <MASK>  STRG</MASK>
    </DD03P>
    <DD03P>
     <TABNAME>YBCS_SWS_ATTACH</TABNAME>
     <FIELDNAME>CONTENT</FIELDNAME>
     <DDLANGUAGE>1</DDLANGUAGE>
     <POSITION>0012</POSITION>
     <ADMINFIELD>0</ADMINFIELD>
     <INTTYPE>y</INTTYPE>
     <INTLEN>000008</INTLEN>
     <DATATYPE>RSTR</DATATYPE>
     <MASK>  RSTR</MASK>
    </DD03P>
   </DD03P_TABLE>
  </asx:values>
 </asx:abap>
</abapGit>
