﻿<?xml version="1.0" encoding="utf-8"?>
<abapGit version="v1.0.0" serializer="LCL_OBJECT_TABL" serializer_version="v1.0.0">
 <asx:abap xmlns:asx="http://www.sap.com/abapxml" version="1.0">
  <asx:values>
   <DD02V>
    <TABNAME>YBCS_SWS_ATTACH01</TABNAME>
    <DDLANGUAGE>1</DDLANGUAGE>
    <TABCLASS>INTTAB</TABCLASS>
    <DDTEXT>附件结构用于函数参数</DDTEXT>
   </DD02V>
   <DD03P_TABLE>
    <DD03P>
     <TABNAME>YBCS_SWS_ATTACH01</TABNAME>
     <FIELDNAME>FILENAME</FIELDNAME>
     <POSITION>0001</POSITION>
     <ROLLNAME>SKWF_FILNM</ROLLNAME>
     <ADMINFIELD>0</ADMINFIELD>
     <COMPTYPE>E</COMPTYPE>
    </DD03P>
    <DD03P>
     <TABNAME>YBCS_SWS_ATTACH01</TABNAME>
     <FIELDNAME>FILETYPE</FIELDNAME>
     <POSITION>0002</POSITION>
     <ROLLNAME>FILETYPE</ROLLNAME>
     <ADMINFIELD>0</ADMINFIELD>
     <COMPTYPE>E</COMPTYPE>
    </DD03P>
    <DD03P>
     <TABNAME>YBCS_SWS_ATTACH01</TABNAME>
     <FIELDNAME>FILESIZE</FIELDNAME>
     <POSITION>0003</POSITION>
     <ROLLNAME>FILESIZE</ROLLNAME>
     <ADMINFIELD>0</ADMINFIELD>
     <COMPTYPE>E</COMPTYPE>
    </DD03P>
    <DD03P>
     <TABNAME>YBCS_SWS_ATTACH01</TABNAME>
     <FIELDNAME>MIMETYPE</FIELDNAME>
     <POSITION>0004</POSITION>
     <ROLLNAME>SKWF_MIME</ROLLNAME>
     <ADMINFIELD>0</ADMINFIELD>
     <COMPTYPE>E</COMPTYPE>
    </DD03P>
    <DD03P>
     <TABNAME>YBCS_SWS_ATTACH01</TABNAME>
     <FIELDNAME>URL</FIELDNAME>
     <POSITION>0005</POSITION>
     <ROLLNAME>TEXT256</ROLLNAME>
     <ADMINFIELD>0</ADMINFIELD>
     <COMPTYPE>E</COMPTYPE>
    </DD03P>
    <DD03P>
     <TABNAME>YBCS_SWS_ATTACH01</TABNAME>
     <FIELDNAME>CONTENT</FIELDNAME>
     <POSITION>0006</POSITION>
     <ROLLNAME>XSTRINGVAL</ROLLNAME>
     <ADMINFIELD>0</ADMINFIELD>
     <COMPTYPE>E</COMPTYPE>
    </DD03P>
   </DD03P_TABLE>
  </asx:values>
 </asx:abap>
</abapGit>
