﻿<?xml version="1.0" encoding="utf-8"?>
<abapGit version="v1.0.0" serializer="LCL_OBJECT_CLAS" serializer_version="v1.0.0">
 <asx:abap xmlns:asx="http://www.sap.com/abapxml" version="1.0">
  <asx:values>
   <VSEOCLASS>
    <CLSNAME>YCL_YBC_SWIFTSAP_DPC</CLSNAME>
    <LANGU>1</LANGU>
    <DESCRIPT>Data Provider Base Class</DESCRIPT>
    <STATE>1</STATE>
    <CLSCCINCL>X</CLSCCINCL>
    <FIXPT>X</FIXPT>
    <UNICODE>X</UNICODE>
   </VSEOCLASS>
   <DESCRIPTIONS>
    <SEOCOMPOTX>
     <CLSNAME>YCL_YBC_SWIFTSAP_DPC</CLSNAME>
     <CMPNAME>APPROVERSET_CREATE_ENTITY</CMPNAME>
     <LANGU>1</LANGU>
     <DESCRIPT>Related EntitySet Name: ApproverSet</DESCRIPT>
    </SEOCOMPOTX>
    <SEOCOMPOTX>
     <CLSNAME>YCL_YBC_SWIFTSAP_DPC</CLSNAME>
     <CMPNAME>APPROVERSET_DELETE_ENTITY</CMPNAME>
     <LANGU>1</LANGU>
     <DESCRIPT>Related EntitySet Name: ApproverSet</DESCRIPT>
    </SEOCOMPOTX>
    <SEOCOMPOTX>
     <CLSNAME>YCL_YBC_SWIFTSAP_DPC</CLSNAME>
     <CMPNAME>APPROVERSET_GET_ENTITY</CMPNAME>
     <LANGU>1</LANGU>
     <DESCRIPT>Related EntitySet Name: ApproverSet</DESCRIPT>
    </SEOCOMPOTX>
    <SEOCOMPOTX>
     <CLSNAME>YCL_YBC_SWIFTSAP_DPC</CLSNAME>
     <CMPNAME>APPROVERSET_GET_ENTITYSET</CMPNAME>
     <LANGU>1</LANGU>
     <DESCRIPT>Related EntitySet Name: ApproverSet</DESCRIPT>
    </SEOCOMPOTX>
    <SEOCOMPOTX>
     <CLSNAME>YCL_YBC_SWIFTSAP_DPC</CLSNAME>
     <CMPNAME>APPROVERSET_UPDATE_ENTITY</CMPNAME>
     <LANGU>1</LANGU>
     <DESCRIPT>Related EntitySet Name: ApproverSet</DESCRIPT>
    </SEOCOMPOTX>
    <SEOCOMPOTX>
     <CLSNAME>YCL_YBC_SWIFTSAP_DPC</CLSNAME>
     <CMPNAME>ATTACHSET_CREATE_ENTITY</CMPNAME>
     <LANGU>1</LANGU>
     <DESCRIPT>Related EntitySet Name: AttachSet</DESCRIPT>
    </SEOCOMPOTX>
    <SEOCOMPOTX>
     <CLSNAME>YCL_YBC_SWIFTSAP_DPC</CLSNAME>
     <CMPNAME>ATTACHSET_CREATE_ENTITY</CMPNAME>
     <LANGU>E</LANGU>
     <DESCRIPT>Related EntitySet Name: AttachSet</DESCRIPT>
    </SEOCOMPOTX>
    <SEOCOMPOTX>
     <CLSNAME>YCL_YBC_SWIFTSAP_DPC</CLSNAME>
     <CMPNAME>ATTACHSET_DELETE_ENTITY</CMPNAME>
     <LANGU>1</LANGU>
     <DESCRIPT>Related EntitySet Name: AttachSet</DESCRIPT>
    </SEOCOMPOTX>
    <SEOCOMPOTX>
     <CLSNAME>YCL_YBC_SWIFTSAP_DPC</CLSNAME>
     <CMPNAME>ATTACHSET_DELETE_ENTITY</CMPNAME>
     <LANGU>E</LANGU>
     <DESCRIPT>Related EntitySet Name: AttachSet</DESCRIPT>
    </SEOCOMPOTX>
    <SEOCOMPOTX>
     <CLSNAME>YCL_YBC_SWIFTSAP_DPC</CLSNAME>
     <CMPNAME>ATTACHSET_GET_ENTITY</CMPNAME>
     <LANGU>1</LANGU>
     <DESCRIPT>Related EntitySet Name: AttachSet</DESCRIPT>
    </SEOCOMPOTX>
    <SEOCOMPOTX>
     <CLSNAME>YCL_YBC_SWIFTSAP_DPC</CLSNAME>
     <CMPNAME>ATTACHSET_GET_ENTITY</CMPNAME>
     <LANGU>E</LANGU>
     <DESCRIPT>Related EntitySet Name: AttachSet</DESCRIPT>
    </SEOCOMPOTX>
    <SEOCOMPOTX>
     <CLSNAME>YCL_YBC_SWIFTSAP_DPC</CLSNAME>
     <CMPNAME>ATTACHSET_GET_ENTITYSET</CMPNAME>
     <LANGU>1</LANGU>
     <DESCRIPT>Related EntitySet Name: AttachSet</DESCRIPT>
    </SEOCOMPOTX>
    <SEOCOMPOTX>
     <CLSNAME>YCL_YBC_SWIFTSAP_DPC</CLSNAME>
     <CMPNAME>ATTACHSET_GET_ENTITYSET</CMPNAME>
     <LANGU>E</LANGU>
     <DESCRIPT>Related EntitySet Name: AttachSet</DESCRIPT>
    </SEOCOMPOTX>
    <SEOCOMPOTX>
     <CLSNAME>YCL_YBC_SWIFTSAP_DPC</CLSNAME>
     <CMPNAME>ATTACHSET_UPDATE_ENTITY</CMPNAME>
     <LANGU>1</LANGU>
     <DESCRIPT>Related EntitySet Name: AttachSet</DESCRIPT>
    </SEOCOMPOTX>
    <SEOCOMPOTX>
     <CLSNAME>YCL_YBC_SWIFTSAP_DPC</CLSNAME>
     <CMPNAME>ATTACHSET_UPDATE_ENTITY</CMPNAME>
     <LANGU>E</LANGU>
     <DESCRIPT>Related EntitySet Name: AttachSet</DESCRIPT>
    </SEOCOMPOTX>
    <SEOCOMPOTX>
     <CLSNAME>YCL_YBC_SWIFTSAP_DPC</CLSNAME>
     <CMPNAME>HISTORYSET_CREATE_ENTITY</CMPNAME>
     <LANGU>1</LANGU>
     <DESCRIPT>Related EntitySet Name: HistorySet</DESCRIPT>
    </SEOCOMPOTX>
    <SEOCOMPOTX>
     <CLSNAME>YCL_YBC_SWIFTSAP_DPC</CLSNAME>
     <CMPNAME>HISTORYSET_CREATE_ENTITY</CMPNAME>
     <LANGU>E</LANGU>
     <DESCRIPT>Related EntitySet Name: HistorySet</DESCRIPT>
    </SEOCOMPOTX>
    <SEOCOMPOTX>
     <CLSNAME>YCL_YBC_SWIFTSAP_DPC</CLSNAME>
     <CMPNAME>HISTORYSET_DELETE_ENTITY</CMPNAME>
     <LANGU>1</LANGU>
     <DESCRIPT>Related EntitySet Name: HistorySet</DESCRIPT>
    </SEOCOMPOTX>
    <SEOCOMPOTX>
     <CLSNAME>YCL_YBC_SWIFTSAP_DPC</CLSNAME>
     <CMPNAME>HISTORYSET_DELETE_ENTITY</CMPNAME>
     <LANGU>E</LANGU>
     <DESCRIPT>Related EntitySet Name: HistorySet</DESCRIPT>
    </SEOCOMPOTX>
    <SEOCOMPOTX>
     <CLSNAME>YCL_YBC_SWIFTSAP_DPC</CLSNAME>
     <CMPNAME>HISTORYSET_GET_ENTITY</CMPNAME>
     <LANGU>1</LANGU>
     <DESCRIPT>Related EntitySet Name: HistorySet</DESCRIPT>
    </SEOCOMPOTX>
    <SEOCOMPOTX>
     <CLSNAME>YCL_YBC_SWIFTSAP_DPC</CLSNAME>
     <CMPNAME>HISTORYSET_GET_ENTITY</CMPNAME>
     <LANGU>E</LANGU>
     <DESCRIPT>Related EntitySet Name: HistorySet</DESCRIPT>
    </SEOCOMPOTX>
    <SEOCOMPOTX>
     <CLSNAME>YCL_YBC_SWIFTSAP_DPC</CLSNAME>
     <CMPNAME>HISTORYSET_GET_ENTITYSET</CMPNAME>
     <LANGU>1</LANGU>
     <DESCRIPT>Related EntitySet Name: HistorySet</DESCRIPT>
    </SEOCOMPOTX>
    <SEOCOMPOTX>
     <CLSNAME>YCL_YBC_SWIFTSAP_DPC</CLSNAME>
     <CMPNAME>HISTORYSET_GET_ENTITYSET</CMPNAME>
     <LANGU>E</LANGU>
     <DESCRIPT>Related EntitySet Name: HistorySet</DESCRIPT>
    </SEOCOMPOTX>
    <SEOCOMPOTX>
     <CLSNAME>YCL_YBC_SWIFTSAP_DPC</CLSNAME>
     <CMPNAME>HISTORYSET_UPDATE_ENTITY</CMPNAME>
     <LANGU>1</LANGU>
     <DESCRIPT>Related EntitySet Name: HistorySet</DESCRIPT>
    </SEOCOMPOTX>
    <SEOCOMPOTX>
     <CLSNAME>YCL_YBC_SWIFTSAP_DPC</CLSNAME>
     <CMPNAME>HISTORYSET_UPDATE_ENTITY</CMPNAME>
     <LANGU>E</LANGU>
     <DESCRIPT>Related EntitySet Name: HistorySet</DESCRIPT>
    </SEOCOMPOTX>
    <SEOCOMPOTX>
     <CLSNAME>YCL_YBC_SWIFTSAP_DPC</CLSNAME>
     <CMPNAME>REQJSONSET_CREATE_ENTITY</CMPNAME>
     <LANGU>1</LANGU>
     <DESCRIPT>Related EntitySet Name: ReqjsonSet</DESCRIPT>
    </SEOCOMPOTX>
    <SEOCOMPOTX>
     <CLSNAME>YCL_YBC_SWIFTSAP_DPC</CLSNAME>
     <CMPNAME>REQJSONSET_CREATE_ENTITY</CMPNAME>
     <LANGU>E</LANGU>
     <DESCRIPT>Related EntitySet Name: ReqjsonSet</DESCRIPT>
    </SEOCOMPOTX>
    <SEOCOMPOTX>
     <CLSNAME>YCL_YBC_SWIFTSAP_DPC</CLSNAME>
     <CMPNAME>REQJSONSET_DELETE_ENTITY</CMPNAME>
     <LANGU>1</LANGU>
     <DESCRIPT>Related EntitySet Name: ReqjsonSet</DESCRIPT>
    </SEOCOMPOTX>
    <SEOCOMPOTX>
     <CLSNAME>YCL_YBC_SWIFTSAP_DPC</CLSNAME>
     <CMPNAME>REQJSONSET_DELETE_ENTITY</CMPNAME>
     <LANGU>E</LANGU>
     <DESCRIPT>Related EntitySet Name: ReqjsonSet</DESCRIPT>
    </SEOCOMPOTX>
    <SEOCOMPOTX>
     <CLSNAME>YCL_YBC_SWIFTSAP_DPC</CLSNAME>
     <CMPNAME>REQJSONSET_GET_ENTITY</CMPNAME>
     <LANGU>1</LANGU>
     <DESCRIPT>Related EntitySet Name: ReqjsonSet</DESCRIPT>
    </SEOCOMPOTX>
    <SEOCOMPOTX>
     <CLSNAME>YCL_YBC_SWIFTSAP_DPC</CLSNAME>
     <CMPNAME>REQJSONSET_GET_ENTITY</CMPNAME>
     <LANGU>E</LANGU>
     <DESCRIPT>Related EntitySet Name: ReqjsonSet</DESCRIPT>
    </SEOCOMPOTX>
    <SEOCOMPOTX>
     <CLSNAME>YCL_YBC_SWIFTSAP_DPC</CLSNAME>
     <CMPNAME>REQJSONSET_GET_ENTITYSET</CMPNAME>
     <LANGU>1</LANGU>
     <DESCRIPT>Related EntitySet Name: ReqjsonSet</DESCRIPT>
    </SEOCOMPOTX>
    <SEOCOMPOTX>
     <CLSNAME>YCL_YBC_SWIFTSAP_DPC</CLSNAME>
     <CMPNAME>REQJSONSET_GET_ENTITYSET</CMPNAME>
     <LANGU>E</LANGU>
     <DESCRIPT>Related EntitySet Name: ReqjsonSet</DESCRIPT>
    </SEOCOMPOTX>
    <SEOCOMPOTX>
     <CLSNAME>YCL_YBC_SWIFTSAP_DPC</CLSNAME>
     <CMPNAME>REQJSONSET_UPDATE_ENTITY</CMPNAME>
     <LANGU>1</LANGU>
     <DESCRIPT>Related EntitySet Name: ReqjsonSet</DESCRIPT>
    </SEOCOMPOTX>
    <SEOCOMPOTX>
     <CLSNAME>YCL_YBC_SWIFTSAP_DPC</CLSNAME>
     <CMPNAME>REQJSONSET_UPDATE_ENTITY</CMPNAME>
     <LANGU>E</LANGU>
     <DESCRIPT>Related EntitySet Name: ReqjsonSet</DESCRIPT>
    </SEOCOMPOTX>
    <SEOCOMPOTX>
     <CLSNAME>YCL_YBC_SWIFTSAP_DPC</CLSNAME>
     <CMPNAME>REQUESTSET_CREATE_ENTITY</CMPNAME>
     <LANGU>1</LANGU>
     <DESCRIPT>Related EntitySet Name: RequestSet</DESCRIPT>
    </SEOCOMPOTX>
    <SEOCOMPOTX>
     <CLSNAME>YCL_YBC_SWIFTSAP_DPC</CLSNAME>
     <CMPNAME>REQUESTSET_CREATE_ENTITY</CMPNAME>
     <LANGU>E</LANGU>
     <DESCRIPT>Related EntitySet Name: RequestSet</DESCRIPT>
    </SEOCOMPOTX>
    <SEOCOMPOTX>
     <CLSNAME>YCL_YBC_SWIFTSAP_DPC</CLSNAME>
     <CMPNAME>REQUESTSET_DELETE_ENTITY</CMPNAME>
     <LANGU>1</LANGU>
     <DESCRIPT>Related EntitySet Name: RequestSet</DESCRIPT>
    </SEOCOMPOTX>
    <SEOCOMPOTX>
     <CLSNAME>YCL_YBC_SWIFTSAP_DPC</CLSNAME>
     <CMPNAME>REQUESTSET_DELETE_ENTITY</CMPNAME>
     <LANGU>E</LANGU>
     <DESCRIPT>Related EntitySet Name: RequestSet</DESCRIPT>
    </SEOCOMPOTX>
    <SEOCOMPOTX>
     <CLSNAME>YCL_YBC_SWIFTSAP_DPC</CLSNAME>
     <CMPNAME>REQUESTSET_GET_ENTITY</CMPNAME>
     <LANGU>1</LANGU>
     <DESCRIPT>Related EntitySet Name: RequestSet</DESCRIPT>
    </SEOCOMPOTX>
    <SEOCOMPOTX>
     <CLSNAME>YCL_YBC_SWIFTSAP_DPC</CLSNAME>
     <CMPNAME>REQUESTSET_GET_ENTITY</CMPNAME>
     <LANGU>E</LANGU>
     <DESCRIPT>Related EntitySet Name: RequestSet</DESCRIPT>
    </SEOCOMPOTX>
    <SEOCOMPOTX>
     <CLSNAME>YCL_YBC_SWIFTSAP_DPC</CLSNAME>
     <CMPNAME>REQUESTSET_GET_ENTITYSET</CMPNAME>
     <LANGU>1</LANGU>
     <DESCRIPT>Related EntitySet Name: RequestSet</DESCRIPT>
    </SEOCOMPOTX>
    <SEOCOMPOTX>
     <CLSNAME>YCL_YBC_SWIFTSAP_DPC</CLSNAME>
     <CMPNAME>REQUESTSET_GET_ENTITYSET</CMPNAME>
     <LANGU>E</LANGU>
     <DESCRIPT>Related EntitySet Name: RequestSet</DESCRIPT>
    </SEOCOMPOTX>
    <SEOCOMPOTX>
     <CLSNAME>YCL_YBC_SWIFTSAP_DPC</CLSNAME>
     <CMPNAME>REQUESTSET_UPDATE_ENTITY</CMPNAME>
     <LANGU>1</LANGU>
     <DESCRIPT>Related EntitySet Name: RequestSet</DESCRIPT>
    </SEOCOMPOTX>
    <SEOCOMPOTX>
     <CLSNAME>YCL_YBC_SWIFTSAP_DPC</CLSNAME>
     <CMPNAME>REQUESTSET_UPDATE_ENTITY</CMPNAME>
     <LANGU>E</LANGU>
     <DESCRIPT>Related EntitySet Name: RequestSet</DESCRIPT>
    </SEOCOMPOTX>
    <SEOCOMPOTX>
     <CLSNAME>YCL_YBC_SWIFTSAP_DPC</CLSNAME>
     <CMPNAME>USERSET_CREATE_ENTITY</CMPNAME>
     <LANGU>1</LANGU>
     <DESCRIPT>Related EntitySet Name: UserSet</DESCRIPT>
    </SEOCOMPOTX>
    <SEOCOMPOTX>
     <CLSNAME>YCL_YBC_SWIFTSAP_DPC</CLSNAME>
     <CMPNAME>USERSET_CREATE_ENTITY</CMPNAME>
     <LANGU>E</LANGU>
     <DESCRIPT>Related EntitySet Name: UserSet</DESCRIPT>
    </SEOCOMPOTX>
    <SEOCOMPOTX>
     <CLSNAME>YCL_YBC_SWIFTSAP_DPC</CLSNAME>
     <CMPNAME>USERSET_DELETE_ENTITY</CMPNAME>
     <LANGU>1</LANGU>
     <DESCRIPT>Related EntitySet Name: UserSet</DESCRIPT>
    </SEOCOMPOTX>
    <SEOCOMPOTX>
     <CLSNAME>YCL_YBC_SWIFTSAP_DPC</CLSNAME>
     <CMPNAME>USERSET_DELETE_ENTITY</CMPNAME>
     <LANGU>E</LANGU>
     <DESCRIPT>Related EntitySet Name: UserSet</DESCRIPT>
    </SEOCOMPOTX>
    <SEOCOMPOTX>
     <CLSNAME>YCL_YBC_SWIFTSAP_DPC</CLSNAME>
     <CMPNAME>USERSET_GET_ENTITY</CMPNAME>
     <LANGU>1</LANGU>
     <DESCRIPT>Related EntitySet Name: UserSet</DESCRIPT>
    </SEOCOMPOTX>
    <SEOCOMPOTX>
     <CLSNAME>YCL_YBC_SWIFTSAP_DPC</CLSNAME>
     <CMPNAME>USERSET_GET_ENTITY</CMPNAME>
     <LANGU>E</LANGU>
     <DESCRIPT>Related EntitySet Name: UserSet</DESCRIPT>
    </SEOCOMPOTX>
    <SEOCOMPOTX>
     <CLSNAME>YCL_YBC_SWIFTSAP_DPC</CLSNAME>
     <CMPNAME>USERSET_GET_ENTITYSET</CMPNAME>
     <LANGU>1</LANGU>
     <DESCRIPT>Related EntitySet Name: UserSet</DESCRIPT>
    </SEOCOMPOTX>
    <SEOCOMPOTX>
     <CLSNAME>YCL_YBC_SWIFTSAP_DPC</CLSNAME>
     <CMPNAME>USERSET_GET_ENTITYSET</CMPNAME>
     <LANGU>E</LANGU>
     <DESCRIPT>Related EntitySet Name: UserSet</DESCRIPT>
    </SEOCOMPOTX>
    <SEOCOMPOTX>
     <CLSNAME>YCL_YBC_SWIFTSAP_DPC</CLSNAME>
     <CMPNAME>USERSET_UPDATE_ENTITY</CMPNAME>
     <LANGU>1</LANGU>
     <DESCRIPT>Related EntitySet Name: UserSet</DESCRIPT>
    </SEOCOMPOTX>
    <SEOCOMPOTX>
     <CLSNAME>YCL_YBC_SWIFTSAP_DPC</CLSNAME>
     <CMPNAME>USERSET_UPDATE_ENTITY</CMPNAME>
     <LANGU>E</LANGU>
     <DESCRIPT>Related EntitySet Name: UserSet</DESCRIPT>
    </SEOCOMPOTX>
   </DESCRIPTIONS>
  </asx:values>
 </asx:abap>
</abapGit>
